Product ID,Product Name,Category,Brand,Price,Stock Quantity,Supplier Name,Purchase Date,Sale Date,Warranty Expiry Date
PROD-0001,All,Headphones,HP,2880,41,Becker Inc,2024-06-25,2024-06-12,2026-06-05
PROD-0002,Scientist,Tablet,Samsung,49181,97,Martinez-Lawson,2024-06-26,2024-03-10,2025-05-06
PROD-0003,Class,Accessories,Dell,28035,90,Robinson-Galvan,2024-03-04,2024-07-13,2025-06-26
PROD-0004,Site,Camera,Bose,30854,44,Miller Ltd,2024-08-05,2024-04-17,2024-12-30
PROD-0005,Worry,Camera,Apple,31690,91,"Humphrey, Cruz and Yang",2024-10-31,2024-12-22,2026-10-25
PROD-0006,Page,Laptop,Dell,9014,15,"Richards, Davis and Collins",2024-09-01,2024-08-05,2025-01-19
PROD-0007,Yeah,Headphones,Canon,36209,29,"Gross, Chen and Davis",2024-07-05,2024-09-03,2025-12-08
PROD-0008,Manage,Camera,Nikon,1860,68,Kelley Inc,2024-03-22,2024-08-15,2025-07-30
PROD-0009,Statement,Accessories,Canon,25551,44,Cardenas-Woodard,2024-01-04,2024-02-22,2025-12-24
PROD-0010,White,Accessories,Samsung,36313,32,Daniels PLC,2024-04-30,2024-08-23,2026-05-02
PROD-0011,Official,Laptop,HP,9261,36,Brown-Wolf,2024-08-26,2024-12-03,2026-10-11
PROD-0012,Report,Laptop,Samsung,23144,5,Hancock-Williams,2024-07-12,2024-04-01,2024-12-28
PROD-0013,House,Camera,HP,28765,30,Kramer LLC,2024-06-18,2024-09-11,2024-12-23
PROD-0014,That,Accessories,Apple,42677,40,Conner-Hernandez,2024-07-25,2024-09-10,2026-05-13
PROD-0015,Boy,Camera,Sony,7694,85,Mooney LLC,2024-04-23,2024-02-04,2026-05-06
PROD-0016,Crime,Mobile,Dell,14196,61,Kelly and Sons,2024-05-31,2024-01-01,2025-10-30
PROD-0017,Cause,Accessories,Nikon,44574,77,Mclaughlin LLC,2024-05-15,2024-10-28,2026-10-05
PROD-0018,Argue,Headphones,Canon,7656,54,Velazquez-Salinas,2024-03-27,2024-05-09,2024-11-22
PROD-0019,Increase,Accessories,Samsung,24846,37,Ellis PLC,2024-03-16,2024-04-27,2026-07-11
PROD-0020,Soon,Mobile,Sony,17127,77,"Lucas, Hughes and Ellison",2024-10-29,2024-11-07,2026-08-02
PROD-0021,Rich,Tablet,Sony,10103,2,Parker LLC,2024-09-13,2024-06-18,2025-10-03
PROD-0022,Card,Accessories,Canon,28698,21,Perez PLC,2024-03-20,2024-09-08,2024-11-19
PROD-0023,Argue,Mobile,HP,37320,21,Smith Ltd,2024-10-19,2024-03-12,2026-08-09
PROD-0024,Activity,Headphones,HP,40873,9,Taylor Group,2024-01-10,2024-03-14,2026-08-28
PROD-0025,Set,Camera,Nikon,39625,99,"Reeves, Woods and Joseph",2024-05-11,2024-01-26,2025-08-02
PROD-0026,Ok,Tablet,Nikon,36512,6,Novak-Carroll,2024-07-10,2024-02-27,2025-01-24
PROD-0027,Voice,Accessories,Canon,5380,32,"Casey, Benson and Bailey",2024-03-15,2024-03-18,2026-03-25
PROD-0028,Significant,Accessories,Dell,1022,39,May-Castillo,2024-04-08,2024-07-11,2025-05-26
PROD-0029,Note,Headphones,Samsung,35810,98,West PLC,2024-09-24,2024-02-03,2026-09-25
PROD-0030,Drop,Laptop,Dell,24335,55,Bruce Ltd,2024-01-17,2024-02-21,2025-07-12
PROD-0031,Single,Accessories,Canon,49698,52,Gonzales-Patton,2024-10-29,2024-05-02,2026-02-16
PROD-0032,Thing,Tablet,Apple,1772,5,"Fletcher, Myers and Hawkins",2024-09-18,2024-04-06,2026-08-27
PROD-0033,Book,Tablet,Nikon,15637,91,"Jensen, Hughes and Moore",2024-09-18,2024-11-28,2025-12-08
PROD-0034,Particular,Tablet,Nikon,37863,10,"Sparks, Allen and Johnson",2024-03-27,2024-07-15,2025-08-22
PROD-0035,Apply,Mobile,HP,36403,92,"Richard, Dyer and Thompson",2024-07-30,2024-12-31,2025-06-30
PROD-0036,Box,Mobile,Bose,27957,16,"Davies, Hardy and Garcia",2024-05-27,2024-10-31,2025-11-02
PROD-0037,Rise,Tablet,Bose,42311,20,"Taylor, Jones and Ellis",2024-08-21,2024-03-04,2025-12-06
PROD-0038,She,Accessories,Apple,28477,91,"Russo, Brown and Graham",2024-01-06,2024-05-23,2026-01-24
PROD-0039,Reveal,Accessories,Canon,20459,41,Munoz-Peterson,2024-09-14,2024-12-18,2025-12-04
PROD-0040,Town,Mobile,Samsung,19065,95,"Sandoval, Rocha and Hernandez",2024-06-23,2024-02-15,2025-06-22
PROD-0041,Necessary,Headphones,Sony,30784,80,"Fisher, Rivera and Harrington",2024-06-07,2024-10-17,2026-03-06
PROD-0042,His,Laptop,HP,27611,85,"Clark, Beard and Johns",2024-02-15,2024-12-29,2026-08-31
PROD-0043,Food,Tablet,Nikon,44014,73,Mcclure-Taylor,2024-06-27,2024-02-24,2025-12-14
PROD-0044,Person,Laptop,Sony,40614,49,"Cannon, Moore and Ward",2024-07-14,2024-05-31,2025-10-26
PROD-0045,That,Accessories,Nikon,2686,1,"Lewis, Graham and Horton",2024-05-05,2024-11-22,2025-06-19
PROD-0046,Learn,Mobile,Bose,21832,53,Hooper-Martin,2024-01-29,2024-10-17,2026-09-03
PROD-0047,Serve,Laptop,Canon,40296,6,"Miles, Arias and Cole",2024-10-30,2024-12-02,2025-04-07
PROD-0048,Group,Tablet,HP,4416,95,"Brandt, Duncan and Thompson",2024-07-13,2024-06-17,2025-05-30
PROD-0049,Carry,Headphones,Canon,18593,63,Hines-Evans,2024-04-14,2024-03-22,2025-11-13
PROD-0050,Sure,Camera,Sony,36138,30,Lewis Group,2024-07-23,2024-07-08,2026-04-10
PROD-0051,Bit,Headphones,Dell,25685,43,White Inc,2024-02-10,2024-07-21,2024-11-14
PROD-0052,Near,Laptop,Canon,24785,16,"Hines, Jones and Baxter",2024-07-04,2024-01-28,2026-05-16
PROD-0053,Lawyer,Headphones,Canon,16359,44,"Brown, Martinez and Rodriguez",2024-03-02,2024-10-02,2025-10-31
PROD-0054,From,Camera,Sony,10136,3,"Bennett, Kaufman and Johnson",2024-06-16,2024-12-10,2026-06-12
PROD-0055,Skill,Headphones,Apple,48234,7,Barajas-Finley,2024-03-15,2024-08-27,2026-02-10
PROD-0056,One,Headphones,Canon,41013,15,Taylor-Torres,2024-02-12,2024-10-12,2025-08-11
PROD-0057,Exist,Mobile,Dell,26868,99,Meyer-King,2024-02-02,2024-01-04,2026-04-07
PROD-0058,Space,Camera,Samsung,15718,67,Todd PLC,2024-05-24,2024-02-23,2025-06-19
PROD-0059,Home,Camera,Bose,34504,38,Johns Group,2024-10-16,2024-08-18,2026-03-12
PROD-0060,Staff,Tablet,Nikon,11280,71,Smith-Patton,2024-05-21,2024-08-31,2026-02-03
PROD-0061,Light,Accessories,Canon,18249,64,Henry Inc,2024-08-15,2024-10-01,2025-08-27
PROD-0062,Heavy,Mobile,Nikon,2024,33,Smith-Allen,2024-09-13,2024-05-26,2026-01-18
PROD-0063,Thus,Laptop,HP,17142,73,"Wilson, Newman and Gibson",2024-06-16,2024-04-19,2024-12-21
PROD-0064,Fish,Headphones,Dell,36337,32,Schroeder LLC,2024-01-18,2024-05-01,2026-03-12
PROD-0065,Federal,Camera,Bose,40331,44,Williams Ltd,2024-08-30,2024-09-16,2026-02-02
PROD-0066,Option,Tablet,Nikon,17881,43,Hall Group,2024-08-29,2024-01-24,2025-07-07
PROD-0067,Teach,Laptop,Samsung,8193,53,Anderson-Lopez,2024-04-12,2024-04-29,2024-12-08
PROD-0068,Address,Laptop,Apple,4100,52,Williams PLC,2024-02-19,2024-07-10,2025-02-12
PROD-0069,Yet,Laptop,Bose,44654,58,Vargas LLC,2024-10-27,2024-07-10,2025-04-16
PROD-0070,Carry,Headphones,Bose,9836,69,Martin Group,2024-09-18,2024-08-02,2025-04-24
PROD-0071,Resource,Accessories,Apple,8507,94,Jones Group,2024-07-11,2024-09-02,2026-05-29
PROD-0072,Station,Headphones,Samsung,9654,57,Cervantes Inc,2024-01-16,2024-11-19,2026-01-01
PROD-0073,Business,Headphones,HP,29070,7,Hernandez and Sons,2024-08-04,2024-03-13,2025-08-03
PROD-0074,Person,Headphones,Apple,32462,50,Williams-Wilson,2024-01-18,2024-05-19,2025-01-14
PROD-0075,Writer,Mobile,Nikon,20794,88,"Gonzalez, Dean and Cisneros",2024-05-20,2024-10-06,2025-05-25
PROD-0076,Price,Camera,Bose,3519,95,Foster-Campbell,2024-05-01,2024-05-17,2025-02-19
PROD-0077,Whatever,Tablet,Dell,16269,35,Hopkins Group,2024-04-10,2024-10-12,2026-06-26
PROD-0078,Himself,Accessories,Canon,22915,14,Lynn PLC,2024-01-25,2024-01-30,2026-01-27
PROD-0079,Police,Accessories,Bose,39143,12,Johnson-Parker,2024-01-18,2024-01-13,2026-04-02
PROD-0080,Nothing,Laptop,Dell,18400,32,Mcdonald Inc,2024-06-22,2024-09-24,2025-02-03
PROD-0081,Community,Tablet,Sony,7669,53,"Leon, Duffy and Smith",2024-10-31,2024-01-31,2026-03-20
PROD-0082,Official,Accessories,Canon,3293,29,"Davila, Edwards and Smith",2024-05-17,2024-09-08,2026-03-19
PROD-0083,Hundred,Tablet,Dell,3541,69,Hodge Ltd,2024-04-18,2024-10-14,2026-07-19
PROD-0084,Network,Tablet,HP,20417,43,Clarke-Palmer,2024-10-11,2024-05-25,2026-02-06
PROD-0085,Good,Tablet,Bose,19889,17,Richardson-Powers,2024-01-30,2024-08-03,2025-05-01
PROD-0086,Factor,Tablet,Nikon,36048,83,Fisher PLC,2024-10-24,2024-12-19,2025-01-19
PROD-0087,Animal,Camera,Sony,35229,73,"Flynn, Hale and Rodriguez",2024-03-07,2024-01-22,2024-12-10
PROD-0088,Wind,Tablet,Apple,21804,42,Carlson Ltd,2024-05-04,2024-06-05,2025-06-29
PROD-0089,Carry,Camera,Nikon,43441,28,"Bell, Hernandez and Butler",2024-06-18,2024-04-04,2026-08-28
PROD-0090,Security,Camera,Apple,37849,95,"Lara, Lee and Benton",2024-09-12,2024-07-04,2025-03-12
PROD-0091,Stop,Accessories,Apple,38780,3,"Baker, Mason and Oliver",2024-09-15,2024-02-11,2026-09-18
PROD-0092,Wait,Tablet,Apple,43271,33,Jordan Inc,2024-07-01,2024-09-19,2026-08-14
PROD-0093,Own,Laptop,HP,7201,67,Kirby-Rogers,2024-07-21,2024-12-30,2025-01-04
PROD-0094,Watch,Laptop,Canon,20556,11,"York, Rodriguez and Smith",2024-05-06,2024-04-14,2025-03-13
PROD-0095,Manager,Mobile,Dell,4433,77,"Smith, Lutz and Parker",2024-02-01,2024-04-10,2025-05-24
PROD-0096,Off,Laptop,Bose,22425,82,"Vasquez, Perez and Diaz",2024-08-17,2024-03-19,2024-12-07
PROD-0097,Small,Tablet,Bose,49205,97,Murphy PLC,2024-07-08,2024-06-17,2026-04-01
PROD-0098,Sing,Camera,Apple,8329,83,Hawkins Inc,2024-08-05,2024-11-05,2025-03-14
PROD-0099,Source,Tablet,Apple,21726,48,Sanchez Group,2024-01-27,2024-03-19,2025-02-25
PROD-0100,Paper,Laptop,Dell,5537,90,Davenport-Palmer,2024-04-07,2024-02-27,2026-05-24
PROD-0101,Soon,Mobile,Nikon,10384,31,Guzman Ltd,2024-05-02,2024-01-31,2025-11-03
PROD-0102,Career,Laptop,Canon,30839,55,"Hammond, Buck and Anderson",2024-01-02,2024-09-20,2024-11-12
PROD-0103,Suffer,Mobile,Bose,30321,47,Mathis-Allen,2024-09-24,2024-01-01,2026-10-25
PROD-0104,Energy,Laptop,Dell,49252,59,"Gordon, Alexander and Wood",2024-06-16,2024-07-13,2026-10-07
PROD-0105,Admit,Mobile,Bose,48699,79,Nguyen PLC,2024-02-15,2024-11-27,2025-01-20
PROD-0106,Surface,Camera,Sony,11333,1,Hudson-Russell,2024-06-02,2024-10-08,2024-12-31
PROD-0107,Find,Headphones,Sony,5026,61,Knapp Ltd,2024-04-11,2024-02-11,2026-02-17
PROD-0108,Car,Headphones,Sony,880,59,"Morgan, Mendez and Austin",2024-02-29,2024-02-04,2025-01-28
PROD-0109,Unit,Tablet,Samsung,29186,97,"Jones, Benson and Perry",2024-02-17,2024-07-03,2026-07-04
PROD-0110,Behind,Tablet,Dell,30719,68,Smith LLC,2024-04-09,2024-04-07,2024-11-24
PROD-0111,Theory,Tablet,HP,41155,41,Gray-Morgan,2024-10-11,2024-01-24,2026-03-05
PROD-0112,Know,Camera,Canon,13820,86,"Mendoza, Chambers and White",2024-09-05,2024-04-16,2026-08-25
PROD-0113,Task,Accessories,Apple,40277,21,Herring and Sons,2024-04-03,2024-06-09,2025-05-12
PROD-0114,Language,Camera,Apple,49699,71,"Johnson, Smith and Hanna",2024-06-22,2024-07-13,2025-07-16
PROD-0115,World,Accessories,Dell,27747,18,"Ellis, Brown and Stephens",2024-09-14,2024-10-13,2025-12-14
PROD-0116,Century,Mobile,Bose,14832,46,Mills Group,2024-09-17,2024-09-11,2025-03-27
PROD-0117,Vote,Camera,Bose,27800,86,Hess PLC,2024-03-13,2024-12-28,2025-02-09
PROD-0118,Against,Accessories,Dell,36664,60,Rodriguez and Sons,2024-05-07,2024-12-05,2025-11-24
PROD-0119,Grow,Accessories,Canon,32343,46,"Griffin, Potter and Butler",2024-02-21,2024-11-11,2025-09-08
PROD-0120,Society,Laptop,Canon,41597,57,"Anderson, Ellis and Smith",2024-05-01,2024-07-05,2026-05-20
PROD-0121,Look,Laptop,Dell,3353,37,Griffith-Smith,2024-10-06,2024-12-01,2024-11-26
PROD-0122,Country,Camera,Canon,20369,15,Gonzales-Mcconnell,2024-01-21,2024-01-24,2026-06-24
PROD-0123,Issue,Headphones,Sony,40304,38,James-Anderson,2024-06-21,2024-10-17,2026-01-03
PROD-0124,Onto,Accessories,Apple,29667,92,"Green, Johnson and Sawyer",2024-01-10,2024-09-22,2024-11-06
PROD-0125,Inside,Camera,Canon,46747,69,Howe-Perkins,2024-04-25,2024-02-04,2025-10-15
PROD-0126,Admit,Headphones,Samsung,13473,98,Baker-Rose,2024-06-06,2024-03-06,2025-10-14
PROD-0127,Down,Headphones,Apple,11628,34,Mathis PLC,2024-06-22,2024-10-19,2025-08-08
PROD-0128,In,Laptop,Canon,25497,92,"Hale, Allen and Neal",2024-10-19,2024-01-28,2024-12-14
PROD-0129,Represent,Tablet,Sony,33084,80,Kelly LLC,2024-01-04,2024-08-21,2026-03-17
PROD-0130,Agreement,Camera,Sony,28543,26,"Scott, Flores and Anderson",2024-06-18,2024-12-24,2024-11-20
PROD-0131,Claim,Camera,Sony,21397,58,Fowler Inc,2024-03-02,2024-02-07,2026-04-13
PROD-0132,Himself,Mobile,Dell,8325,37,Walsh Ltd,2024-04-29,2024-05-24,2025-03-26
PROD-0133,Physical,Camera,Nikon,29430,43,Hawkins and Sons,2024-05-29,2024-12-02,2024-12-05
PROD-0134,Argue,Headphones,Sony,39674,42,"Webb, Walsh and Green",2024-10-30,2024-05-12,2026-02-10
PROD-0135,Play,Mobile,Bose,37116,97,Manning PLC,2024-07-12,2024-07-23,2026-07-23
PROD-0136,Wonder,Accessories,Bose,13837,88,"Nguyen, Alvarado and Montgomery",2024-09-17,2024-06-16,2025-01-06
PROD-0137,State,Headphones,Sony,7586,67,"Wright, Graves and Marshall",2024-10-20,2024-06-12,2025-02-13
PROD-0138,Month,Headphones,Nikon,5616,27,Golden Ltd,2024-08-20,2024-12-30,2024-12-24
PROD-0139,Sport,Accessories,Nikon,16228,40,Wright-Sanchez,2024-07-18,2024-11-02,2026-03-23
PROD-0140,Style,Headphones,Nikon,23176,34,Scott Inc,2024-07-21,2024-06-18,2026-07-10
PROD-0141,Free,Accessories,Canon,36739,90,Montgomery-Novak,2024-06-27,2024-04-02,2025-08-01
PROD-0142,Population,Accessories,Bose,48409,7,"Gill, May and Cox",2024-01-07,2024-12-26,2025-07-23
PROD-0143,Down,Headphones,Apple,1619,47,"Martin, Curtis and Neal",2024-02-14,2024-04-10,2026-05-23
PROD-0144,Which,Headphones,Bose,623,75,Warner LLC,2024-08-19,2024-10-02,2025-11-19
PROD-0145,By,Mobile,Apple,2097,89,Huffman-Harmon,2024-02-23,2024-03-10,2026-01-08
PROD-0146,Position,Accessories,Canon,8305,49,Norton-Mclean,2024-07-03,2024-11-04,2026-06-23
PROD-0147,Audience,Headphones,Samsung,24553,68,"Oconnor, Morrow and Ford",2024-02-14,2024-06-06,2024-11-15
PROD-0148,Talk,Laptop,Nikon,4507,37,"Chapman, Bates and Collins",2024-04-11,2024-08-16,2026-08-13
PROD-0149,Weight,Accessories,Canon,38055,52,Johnson-Smith,2024-04-08,2024-08-25,2026-07-06
PROD-0150,During,Camera,Dell,17524,17,"Elliott, Schultz and Scott",2024-06-30,2024-01-20,2025-08-14
PROD-0151,Yeah,Headphones,HP,22051,62,"Hill, White and Walter",2024-01-12,2024-04-22,2026-07-19
PROD-0152,Send,Camera,Canon,35900,92,"Peters, Thompson and Burns",2024-05-07,2024-03-01,2024-12-24
PROD-0153,Suggest,Laptop,Nikon,14661,80,Allen-Romero,2024-10-14,2024-06-11,2025-10-27
PROD-0154,Member,Mobile,Canon,2258,56,Williams and Sons,2024-07-25,2024-02-02,2024-12-13
PROD-0155,Good,Camera,Canon,47141,69,Bonilla LLC,2024-02-19,2024-07-08,2026-05-07
PROD-0156,Enter,Mobile,Dell,13375,30,Mason-Farmer,2024-01-03,2024-12-06,2025-03-17
PROD-0157,Cover,Laptop,Canon,44984,21,Thomas Group,2024-08-31,2024-01-23,2025-11-11
PROD-0158,Forward,Camera,Samsung,6042,83,Kelly-Stewart,2024-09-04,2024-02-06,2024-11-27
PROD-0159,Huge,Camera,Dell,47200,13,Ortiz-Montgomery,2024-08-22,2024-03-08,2026-02-14
PROD-0160,Series,Headphones,Dell,8668,36,Brooks-Wilkins,2024-03-15,2024-04-19,2026-01-23
PROD-0161,Be,Tablet,Samsung,33511,69,Fisher-King,2024-03-19,2024-06-01,2026-08-08
PROD-0162,Mr,Tablet,Apple,3660,31,Holt Group,2024-03-20,2024-06-28,2025-01-07
PROD-0163,Detail,Laptop,HP,23368,25,George Group,2024-01-13,2024-07-20,2024-12-05
PROD-0164,Area,Camera,Samsung,28068,48,Gomez-Arias,2024-07-03,2024-05-18,2026-07-19
PROD-0165,Fall,Accessories,Apple,16600,46,"Cobb, Butler and Daniels",2024-03-23,2024-09-28,2026-06-12
PROD-0166,So,Laptop,Nikon,48585,8,Price LLC,2024-05-19,2024-02-22,2025-09-21
PROD-0167,Whose,Accessories,HP,28463,66,Humphrey Inc,2024-03-30,2024-07-19,2025-09-18
PROD-0168,Professional,Tablet,Samsung,18355,64,Brown and Sons,2024-03-17,2024-06-02,2025-05-25
PROD-0169,Child,Tablet,Nikon,11260,55,Zimmerman-Hall,2024-04-15,2024-05-26,2024-11-21
PROD-0170,Right,Tablet,Apple,47136,35,Davila Inc,2024-06-04,2024-07-13,2026-10-06
PROD-0171,Than,Headphones,HP,48979,37,"Stuart, Vazquez and Garcia",2024-02-23,2024-06-08,2025-03-15
PROD-0172,Goal,Tablet,Sony,23590,24,Galvan and Sons,2024-06-03,2024-07-31,2026-04-29
PROD-0173,Hundred,Camera,Canon,15814,49,"Rogers, Brown and Berry",2024-07-15,2024-04-28,2025-02-10
PROD-0174,World,Headphones,Samsung,2626,91,"Young, Berger and Roberts",2024-08-04,2024-05-05,2026-07-22
PROD-0175,Deep,Accessories,Nikon,2281,82,Marshall and Sons,2024-09-18,2024-01-18,2026-03-10
PROD-0176,Positive,Tablet,HP,1390,54,"Young, Hubbard and Jordan",2024-05-08,2024-02-27,2026-07-26
PROD-0177,Bank,Camera,Bose,17266,3,Peterson and Sons,2024-08-18,2024-01-27,2026-06-25
PROD-0178,Science,Camera,Canon,927,32,"Cordova, Wright and Cooper",2024-01-18,2024-04-22,2026-03-01
PROD-0179,Piece,Laptop,HP,19484,27,Chen Group,2024-02-28,2024-05-18,2025-11-07
PROD-0180,Read,Tablet,Canon,41294,67,Newman-Hartman,2024-06-10,2024-06-22,2025-07-24
PROD-0181,Rather,Camera,Samsung,11181,35,Taylor-Woodward,2024-09-07,2024-09-22,2025-11-11
PROD-0182,Common,Tablet,HP,40298,78,Bradley-Medina,2024-10-14,2024-08-04,2025-05-02
PROD-0183,Ability,Tablet,Canon,19565,84,Higgins Group,2024-03-10,2024-08-11,2026-07-21
PROD-0184,Market,Laptop,Canon,6641,63,Kennedy-Lawrence,2024-02-02,2024-03-12,2026-06-06
PROD-0185,Later,Tablet,Dell,13675,11,Thomas Group,2024-02-17,2024-06-19,2026-08-05
PROD-0186,Happen,Tablet,Bose,1613,84,Grant-Hernandez,2024-03-18,2024-08-07,2025-10-16
PROD-0187,About,Laptop,Canon,5439,88,"Swanson, Daniels and Hill",2024-04-03,2024-11-22,2025-12-18
PROD-0188,Decade,Tablet,Samsung,25930,98,"Torres, Williams and Lee",2024-07-14,2024-11-25,2024-11-28
PROD-0189,Position,Mobile,Apple,5620,32,"Mcguire, Newman and Castaneda",2024-08-10,2024-05-04,2026-07-23
PROD-0190,Could,Camera,Canon,38500,46,Lopez PLC,2024-06-07,2024-12-05,2025-11-30
PROD-0191,A,Accessories,Dell,6679,23,Brown-Knight,2024-06-26,2024-10-28,2026-04-15
PROD-0192,Ahead,Camera,Bose,25071,66,"Jackson, Dixon and Sullivan",2024-10-18,2024-07-17,2026-01-23
PROD-0193,Against,Tablet,Dell,15731,71,"Williams, Andersen and Logan",2024-09-20,2024-05-18,2025-06-03
PROD-0194,Kitchen,Headphones,HP,41396,64,Scott PLC,2024-01-20,2024-09-23,2026-10-21
PROD-0195,Job,Mobile,Sony,9006,60,Fuller and Sons,2024-08-07,2024-07-04,2025-01-28
PROD-0196,During,Laptop,Bose,46126,34,Small-Ruiz,2024-01-30,2024-11-09,2025-08-11
PROD-0197,Good,Tablet,Sony,20106,10,Simon and Sons,2024-02-27,2024-07-23,2025-10-09
PROD-0198,What,Laptop,Canon,4407,10,Moreno LLC,2024-08-25,2024-02-04,2024-12-01
PROD-0199,Service,Laptop,Dell,44621,86,Tucker and Sons,2024-05-04,2024-04-16,2025-09-02
PROD-0200,Seem,Tablet,Nikon,1660,31,"Salazar, Anthony and Bauer",2024-05-23,2024-09-26,2026-04-06
PROD-0201,Actually,Accessories,Bose,29996,33,Hughes-Brown,2024-10-14,2024-12-21,2025-09-08
PROD-0202,Half,Accessories,Sony,45906,79,"Key, Smith and Russell",2024-08-25,2024-11-27,2025-05-04
PROD-0203,Over,Tablet,Apple,13810,70,"Jenkins, Hogan and Rodriguez",2024-07-04,2024-09-30,2026-10-05
PROD-0204,Least,Laptop,Canon,19412,25,Fernandez PLC,2024-08-18,2024-04-23,2026-07-30
PROD-0205,Especially,Camera,Canon,8407,54,"Barr, Smith and Shaw",2024-03-11,2024-02-16,2025-03-21
PROD-0206,Recent,Headphones,Bose,21348,30,"Banks, Duarte and Cox",2024-07-30,2024-06-08,2026-11-01
PROD-0207,Ball,Mobile,Sony,30060,78,"Carroll, Vazquez and Porter",2024-02-23,2024-06-01,2025-04-16
PROD-0208,Out,Camera,Apple,31486,47,"Zhang, Parks and Brown",2024-06-26,2024-04-01,2025-10-12
PROD-0209,Tax,Camera,Sony,34839,33,"Diaz, Davis and Carter",2024-09-25,2024-10-10,2026-08-11
PROD-0210,Eight,Accessories,Samsung,35841,3,"Thomas, Leblanc and Sweeney",2024-10-01,2024-06-25,2025-06-24
PROD-0211,Popular,Tablet,Sony,8030,19,Elliott PLC,2024-04-04,2024-09-08,2025-06-23
PROD-0212,Must,Camera,Dell,49375,47,"Duran, Allen and Murray",2024-02-15,2024-05-04,2026-01-05
PROD-0213,Religious,Headphones,Apple,36526,23,"Allen, Smith and Jackson",2024-09-15,2024-11-04,2024-11-23
PROD-0214,Agent,Mobile,Samsung,29307,11,Barrera Group,2024-05-27,2024-12-27,2025-08-14
PROD-0215,Stop,Accessories,Apple,42144,34,Higgins-Zavala,2024-09-02,2024-08-13,2025-01-30
PROD-0216,Senior,Headphones,HP,5786,39,Hobbs and Sons,2024-07-27,2024-03-11,2025-02-11
PROD-0217,Enter,Headphones,Nikon,3274,91,Woodard-Faulkner,2024-04-18,2024-09-16,2026-02-12
PROD-0218,Turn,Accessories,HP,11358,30,Parker PLC,2024-03-20,2024-11-07,2025-01-22
PROD-0219,Sell,Headphones,Canon,11282,42,Bowman-Ross,2024-02-10,2024-06-04,2025-07-02
PROD-0220,Need,Tablet,Samsung,35295,26,Welch-Hall,2024-05-28,2024-08-22,2025-02-28
PROD-0221,Enough,Camera,Apple,31828,72,Brown Inc,2024-08-16,2024-01-06,2025-11-02
PROD-0222,Cell,Camera,Canon,34236,44,Huffman-Howard,2024-08-09,2024-12-15,2024-11-26
PROD-0223,Western,Accessories,Apple,35300,87,Chen-Carpenter,2024-07-08,2024-07-29,2025-07-28
PROD-0224,Probably,Camera,Nikon,9165,21,Morris-Villa,2024-01-15,2024-03-04,2026-02-14
PROD-0225,Two,Camera,Samsung,24570,97,"Yoder, Sanchez and Keller",2024-07-04,2024-06-09,2025-03-13
PROD-0226,South,Tablet,Sony,13961,97,"Singleton, Kelley and Morgan",2024-01-17,2024-05-15,2025-12-04
PROD-0227,Bring,Accessories,Nikon,25295,57,"Wade, Price and Leonard",2024-02-20,2024-12-14,2026-08-04
PROD-0228,Accept,Camera,Canon,6025,46,Beasley LLC,2024-10-23,2024-08-29,2026-05-03
PROD-0229,Again,Camera,Sony,40330,41,"Mcdonald, Davis and Holmes",2024-02-19,2024-08-02,2025-10-28
PROD-0230,Try,Camera,Canon,45420,96,"Hill, Cruz and Davis",2024-10-09,2024-06-21,2026-02-07
PROD-0231,Anything,Accessories,HP,8006,89,"Simpson, Rice and Rios",2024-05-20,2024-02-22,2026-01-20
PROD-0232,Good,Tablet,Dell,33750,6,"Clark, Smith and Morgan",2024-09-16,2024-09-16,2026-04-05
PROD-0233,Civil,Camera,Canon,8909,77,King LLC,2024-10-30,2024-11-09,2025-03-20
PROD-0234,Song,Tablet,HP,32997,7,Heath-Johnson,2024-03-21,2024-05-13,2025-11-19
PROD-0235,President,Camera,Bose,26660,25,"Hayes, Salazar and Jones",2024-05-21,2024-10-14,2024-11-04
PROD-0236,Effort,Tablet,Nikon,43260,40,Wilson Inc,2024-01-22,2024-05-14,2026-01-23
PROD-0237,Idea,Camera,Bose,43354,42,Wallace and Sons,2024-02-13,2024-10-22,2024-12-05
PROD-0238,Her,Tablet,HP,17219,14,"Burns, Atkins and Friedman",2024-08-27,2024-06-06,2025-01-17
PROD-0239,Toward,Tablet,Samsung,23886,10,"Johnson, Edwards and Evans",2024-10-14,2024-07-25,2026-05-25
PROD-0240,Spring,Headphones,Canon,36427,26,Wilson and Sons,2024-08-28,2024-05-03,2025-02-14
PROD-0241,Popular,Mobile,HP,45522,37,Howell-Thompson,2024-08-04,2024-04-29,2026-01-25
PROD-0242,Even,Laptop,HP,1853,54,Howard Inc,2024-08-19,2024-09-04,2024-11-27
PROD-0243,Scene,Accessories,Apple,18726,6,Lee-Payne,2024-09-27,2024-06-14,2025-04-22
PROD-0244,Several,Mobile,Nikon,35865,30,"Cannon, Trevino and Wright",2024-02-18,2024-01-27,2025-07-30
PROD-0245,Other,Accessories,Apple,17862,75,Diaz-Cooper,2024-04-29,2024-04-29,2025-08-15
PROD-0246,Region,Headphones,Apple,49354,20,Harris-Harris,2024-02-10,2024-04-12,2026-04-24
PROD-0247,Admit,Camera,Canon,47073,39,"Maldonado, Collins and Palmer",2024-08-29,2024-09-05,2025-12-26
PROD-0248,Successful,Camera,Bose,24522,48,"Kim, Mcneil and Saunders",2024-06-11,2024-05-06,2025-09-17
PROD-0249,Condition,Laptop,Bose,5814,5,Reyes LLC,2024-05-06,2024-09-07,2025-10-21
PROD-0250,Model,Headphones,HP,25857,59,"Reed, Boyd and Farmer",2024-09-18,2024-03-11,2026-03-06
PROD-0251,Significant,Tablet,Bose,39601,65,"Smith, Sharp and Hamilton",2024-07-13,2024-03-09,2025-02-21
PROD-0252,Watch,Accessories,Bose,10292,29,Lopez Group,2024-08-28,2024-02-26,2026-07-04
PROD-0253,Democratic,Tablet,Canon,6288,80,Hernandez-Wilson,2024-02-07,2024-09-26,2026-06-27
PROD-0254,Rich,Accessories,Bose,24149,46,"Daniels, Perry and Nguyen",2024-01-16,2024-07-07,2024-11-27
PROD-0255,Brother,Headphones,Samsung,23836,95,Boyd and Sons,2024-03-15,2024-02-06,2025-02-24
PROD-0256,Popular,Headphones,Nikon,9303,95,Doyle-Wilson,2024-04-11,2024-05-08,2026-09-19
PROD-0257,Determine,Headphones,HP,14493,76,Smith-Gonzalez,2024-04-02,2024-05-31,2026-10-27
PROD-0258,Behavior,Accessories,Samsung,2117,1,"Jimenez, Thornton and Garcia",2024-05-01,2024-05-07,2026-03-26
PROD-0259,Question,Laptop,Samsung,45447,1,Gross-Cox,2024-10-21,2024-03-20,2025-06-17
PROD-0260,Add,Mobile,Canon,47953,6,"Lewis, Green and Bridges",2024-07-02,2024-06-28,2026-10-11
PROD-0261,Television,Tablet,Sony,48801,67,"Booth, Mccann and Grimes",2024-09-14,2024-05-11,2026-02-04
PROD-0262,Role,Laptop,Apple,34746,22,"Munoz, Butler and Martin",2024-09-18,2024-08-06,2026-02-04
PROD-0263,Information,Laptop,Sony,44125,99,"Campbell, Rhodes and Scott",2024-09-24,2024-09-22,2025-08-21
PROD-0264,Author,Camera,Samsung,16739,42,Mullins Inc,2024-08-10,2024-01-15,2025-02-14
PROD-0265,Word,Camera,Bose,19104,58,"Bauer, Williams and Johnson",2024-03-14,2024-11-07,2025-11-26
PROD-0266,Trouble,Camera,Dell,26717,5,Chavez Inc,2024-08-22,2024-03-04,2025-07-01
PROD-0267,Back,Accessories,Dell,24140,67,Coleman-Campbell,2024-08-17,2024-12-06,2025-05-22
PROD-0268,Right,Headphones,Bose,14947,62,Jenkins Inc,2024-04-11,2024-05-01,2025-09-21
PROD-0269,Several,Accessories,Samsung,5898,6,Nicholson-Lam,2024-07-31,2024-06-11,2025-05-02
PROD-0270,Rule,Laptop,HP,35673,72,Lee Inc,2024-09-13,2024-04-28,2026-10-08
PROD-0271,Voice,Laptop,Apple,22350,24,Fowler-Hicks,2024-02-08,2024-09-29,2026-07-16
PROD-0272,Under,Camera,Sony,39936,89,Smith-Miller,2024-04-01,2024-06-24,2024-12-12
PROD-0273,Region,Laptop,Canon,38846,7,Flores-Jones,2024-01-04,2024-02-25,2026-06-13
PROD-0274,General,Laptop,Canon,30294,79,"Simon, Berry and Lopez",2024-05-31,2024-04-17,2025-04-14
PROD-0275,Service,Accessories,Nikon,22361,97,White Group,2024-03-01,2024-12-19,2025-03-10
PROD-0276,Energy,Tablet,HP,23012,53,"Davis, Murphy and Moore",2024-08-24,2024-04-28,2024-12-31
PROD-0277,Stand,Laptop,Bose,43670,93,Cook Inc,2024-05-28,2024-05-23,2025-07-20
PROD-0278,Level,Laptop,Dell,23645,21,Lee Ltd,2024-07-28,2024-01-16,2025-04-24
PROD-0279,Sport,Accessories,Samsung,21854,53,Small-Gonzalez,2024-07-02,2024-04-08,2026-05-02
PROD-0280,Box,Laptop,HP,11316,28,Fischer-Kelly,2024-10-05,2024-03-11,2024-11-11
PROD-0281,Technology,Accessories,Samsung,3059,4,Morris-Soto,2024-01-06,2024-06-08,2026-01-19
PROD-0282,Here,Mobile,Sony,44653,25,"Hall, Howell and Dawson",2024-05-22,2024-01-22,2025-06-03
PROD-0283,Place,Tablet,Sony,36210,47,Edwards Inc,2024-02-07,2024-02-18,2024-12-31
PROD-0284,Capital,Mobile,Nikon,2809,49,"Hughes, Morales and Meyer",2024-07-31,2024-08-28,2026-06-12
PROD-0285,Chance,Camera,HP,43069,64,Campbell PLC,2024-07-01,2024-03-29,2026-10-12
PROD-0286,Know,Accessories,Dell,38829,90,Dorsey-Hall,2024-08-03,2024-09-23,2026-01-31
PROD-0287,Top,Accessories,Sony,33115,85,Parker and Sons,2024-05-14,2024-07-15,2025-04-25
PROD-0288,Drive,Headphones,Bose,12572,75,Clayton-Acosta,2024-07-25,2024-04-01,2025-12-16
PROD-0289,Girl,Tablet,Samsung,22357,76,Adams-Oconnell,2024-01-14,2024-11-25,2026-01-07
PROD-0290,Look,Headphones,Bose,10014,75,"Johnson, Conner and Pierce",2024-05-16,2024-10-07,2026-08-01
PROD-0291,Two,Laptop,HP,30388,8,Taylor and Sons,2024-06-20,2024-06-07,2026-06-28
PROD-0292,Although,Mobile,Samsung,39735,10,"Sanchez, Bishop and Keller",2024-03-17,2024-06-30,2025-10-16
PROD-0293,Tend,Mobile,HP,20520,46,Hunter-Black,2024-09-08,2024-10-22,2025-10-09
PROD-0294,Capital,Tablet,Sony,9298,30,Perry LLC,2024-05-16,2024-12-09,2026-05-25
PROD-0295,Beautiful,Accessories,Samsung,39580,19,Burns-Lewis,2024-07-20,2024-11-23,2024-12-17
PROD-0296,Social,Mobile,Bose,34967,9,Mccoy Group,2024-02-24,2024-07-07,2026-04-05
PROD-0297,Discuss,Laptop,HP,16409,24,Walsh PLC,2024-01-30,2024-12-13,2026-07-19
PROD-0298,Article,Mobile,Samsung,29056,51,Cox Ltd,2024-08-06,2024-08-22,2025-04-15
PROD-0299,Student,Laptop,Bose,17676,95,King Group,2024-04-07,2024-07-25,2026-04-02
PROD-0300,Amount,Accessories,Sony,12357,40,Bell-Daniel,2024-05-03,2024-06-10,2025-01-27
PROD-0301,Call,Laptop,Nikon,30393,54,"Martinez, Wagner and Alvarez",2024-10-12,2024-10-30,2026-05-17
PROD-0302,Energy,Laptop,Samsung,45331,66,Sutton-Willis,2024-02-07,2024-09-21,2025-12-10
PROD-0303,Begin,Accessories,Sony,45926,98,Hall-Gonzalez,2024-02-14,2024-11-23,2025-09-14
PROD-0304,Why,Tablet,Samsung,26854,57,"Romero, Hayden and Lester",2024-09-19,2024-12-27,2026-01-26
PROD-0305,Hand,Headphones,Apple,30206,99,"Brady, Brown and Stewart",2024-07-25,2024-10-10,2026-01-16
PROD-0306,Support,Mobile,Nikon,49768,20,Tapia-Sandoval,2024-08-18,2024-08-08,2025-11-13
PROD-0307,Step,Camera,Apple,1397,58,Hardy-French,2024-02-12,2024-11-13,2025-04-19
PROD-0308,During,Camera,Apple,19862,3,King Group,2024-07-21,2024-09-27,2025-10-10
PROD-0309,Wonder,Camera,Apple,44507,94,"Evans, Lucas and Dixon",2024-06-13,2024-05-27,2026-09-28
PROD-0310,Order,Tablet,Sony,45117,98,Hernandez-Wallace,2024-08-19,2024-08-10,2026-04-29
PROD-0311,Attorney,Mobile,Bose,32686,70,"Gray, Deleon and Roberson",2024-02-29,2024-05-31,2025-12-17
PROD-0312,Career,Headphones,HP,49602,40,Baker Ltd,2024-10-03,2024-08-07,2025-08-18
PROD-0313,One,Tablet,Samsung,3234,25,Gutierrez-Johnson,2024-04-09,2024-02-22,2026-05-13
PROD-0314,Painting,Camera,Sony,48579,19,"Thompson, Kelly and Knapp",2024-02-23,2024-08-12,2025-09-10
PROD-0315,Chance,Headphones,Canon,15757,80,"Drake, Robbins and Hardin",2024-06-22,2024-08-16,2025-09-07
PROD-0316,Fear,Tablet,Dell,12780,41,Fernandez-Harper,2024-09-26,2024-10-15,2025-05-09
PROD-0317,Ground,Tablet,Canon,15939,73,"Mills, Ford and Harris",2024-05-20,2024-11-25,2026-06-03
PROD-0318,Prevent,Camera,Sony,14156,9,Levy-Kidd,2024-05-27,2024-05-23,2026-06-07
PROD-0319,Or,Headphones,Samsung,11543,42,"Werner, Cortez and Peterson",2024-07-31,2024-05-07,2025-12-20
PROD-0320,Hand,Camera,Canon,27561,50,Kramer-Oneill,2024-10-15,2024-10-30,2026-04-02
PROD-0321,All,Tablet,HP,41690,13,Rojas and Sons,2024-06-27,2024-12-04,2025-09-29
PROD-0322,With,Tablet,Dell,34789,29,"Miller, Austin and Smith",2024-04-26,2024-07-09,2024-11-10
PROD-0323,Recent,Camera,Nikon,2560,47,"Pugh, Lane and Nicholson",2024-01-30,2024-06-24,2025-04-12
PROD-0324,Until,Mobile,Samsung,24330,59,Tran Group,2024-10-06,2024-07-24,2025-04-05
PROD-0325,Step,Headphones,Bose,31245,33,"Anderson, Fitzgerald and Collins",2024-05-31,2024-12-13,2025-02-24
PROD-0326,Tax,Tablet,Samsung,45902,20,"Powell, Garcia and Bartlett",2024-05-23,2024-02-09,2025-01-06
PROD-0327,Difference,Tablet,Bose,29310,63,Alvarado-Gonzalez,2024-03-26,2024-11-14,2026-06-29
PROD-0328,Matter,Accessories,HP,5135,6,Conley-Smith,2024-07-15,2024-04-03,2025-04-06
PROD-0329,End,Camera,Apple,43657,93,Sherman-Webb,2024-04-14,2024-11-14,2025-08-28
PROD-0330,Approach,Headphones,Nikon,24607,9,"Scott, Palmer and Diaz",2024-02-08,2024-08-07,2026-05-02
PROD-0331,See,Camera,Samsung,1624,33,Merritt Group,2024-08-25,2024-01-29,2026-03-13
PROD-0332,Speak,Tablet,Dell,19458,51,Barker-Jacobson,2024-08-25,2024-03-04,2025-11-10
PROD-0333,Again,Tablet,Canon,43127,21,Bradford and Sons,2024-10-25,2024-09-05,2024-11-03
PROD-0334,Identify,Mobile,Sony,46095,48,"Jones, Page and Greer",2024-03-01,2024-08-20,2025-02-19
PROD-0335,Up,Headphones,Canon,20959,52,Parker PLC,2024-02-22,2024-12-25,2026-01-11
PROD-0336,Star,Mobile,HP,28968,17,Thompson-Smith,2024-01-19,2024-06-18,2025-05-07
PROD-0337,Include,Laptop,HP,12044,95,Russell and Sons,2024-01-07,2024-12-04,2025-09-27
PROD-0338,Minute,Tablet,Dell,12283,77,Johnson-Ortiz,2024-08-02,2024-02-13,2026-05-06
PROD-0339,Near,Camera,Apple,33066,91,Ramos PLC,2024-03-28,2024-04-25,2026-10-08
PROD-0340,Change,Mobile,Apple,28889,86,Craig PLC,2024-08-19,2024-09-19,2025-08-09
PROD-0341,Happy,Accessories,Bose,24173,43,Trujillo-Bennett,2024-09-17,2024-07-03,2025-11-02
PROD-0342,Doctor,Laptop,HP,27529,16,Miller-Burgess,2024-01-28,2024-06-16,2025-01-07
PROD-0343,Increase,Tablet,Dell,10989,75,"Johns, Thomas and Harding",2024-09-24,2024-12-30,2025-04-15
PROD-0344,Skill,Mobile,Canon,16457,54,"Martin, Jones and Norris",2024-06-22,2024-11-17,2025-10-25
PROD-0345,Apply,Tablet,Sony,6659,29,Cruz-Anderson,2024-06-05,2024-06-25,2025-07-26
PROD-0346,Save,Accessories,HP,22894,66,Martinez-Aguirre,2024-10-31,2024-02-18,2025-09-13
PROD-0347,So,Headphones,Nikon,46131,9,"Johnson, Pierce and Nguyen",2024-08-04,2024-12-11,2025-11-26
PROD-0348,Ability,Laptop,Bose,3639,11,Giles-Miller,2024-07-04,2024-09-30,2025-07-10
PROD-0349,Purpose,Tablet,Canon,26400,65,Hall-Walker,2024-06-21,2024-08-08,2025-11-16
PROD-0350,Sound,Camera,Canon,42579,82,Bentley-Hunter,2024-03-29,2024-12-26,2025-05-06
PROD-0351,Heavy,Camera,Dell,32046,87,"Smith, Kramer and Robinson",2024-08-31,2024-02-20,2025-07-18
PROD-0352,Long,Headphones,HP,38959,6,Espinoza PLC,2024-01-10,2024-01-18,2025-04-04
PROD-0353,Staff,Mobile,Sony,14599,4,Hill PLC,2024-08-06,2024-10-11,2025-05-23
PROD-0354,Life,Camera,Canon,22274,99,"Garner, Horne and Bailey",2024-07-24,2024-11-01,2026-01-31
PROD-0355,Indeed,Tablet,Canon,41821,60,Bowers-Castillo,2024-01-04,2024-05-13,2026-01-23
PROD-0356,Major,Accessories,Sony,17871,70,Wong-Kim,2024-02-10,2024-08-22,2026-02-12
PROD-0357,Money,Camera,Nikon,45425,95,Ferguson-Smith,2024-01-05,2024-08-21,2026-09-08
PROD-0358,Class,Mobile,HP,36653,52,Hartman-Andrews,2024-05-21,2024-10-15,2025-02-28
PROD-0359,Upon,Camera,Sony,16652,73,"Rodriguez, Rodriguez and Freeman",2024-07-02,2024-02-25,2025-02-04
PROD-0360,After,Headphones,HP,14291,30,Robles and Sons,2024-08-28,2024-04-24,2026-03-19
PROD-0361,Space,Accessories,Sony,8099,71,Maldonado-Rosario,2024-06-11,2024-11-16,2024-12-04
PROD-0362,Officer,Tablet,Apple,985,92,"Collins, Perez and Sawyer",2024-07-13,2024-05-05,2026-04-13
PROD-0363,New,Accessories,Apple,29923,70,Maddox Inc,2024-07-31,2024-03-31,2024-11-26
PROD-0364,Say,Laptop,Samsung,23314,65,Vargas-Wade,2024-06-01,2024-06-08,2026-07-12
PROD-0365,Always,Headphones,HP,48592,36,Castaneda PLC,2024-07-04,2024-07-14,2026-01-27
PROD-0366,Too,Headphones,Samsung,33223,42,Mcdowell-Adkins,2024-03-07,2024-07-26,2025-03-09
PROD-0367,Tough,Accessories,Apple,16031,20,Robertson and Sons,2024-05-23,2024-07-27,2024-12-23
PROD-0368,Best,Accessories,Nikon,8611,5,"Allen, Miller and Boyd",2024-08-16,2024-07-28,2026-06-19
PROD-0369,Level,Camera,Apple,15610,92,"Cook, Lopez and Nelson",2024-10-06,2024-06-10,2026-10-07
PROD-0370,Use,Mobile,Sony,23548,67,Evans-Simmons,2024-02-27,2024-12-10,2026-07-06
PROD-0371,Drive,Headphones,Sony,22925,78,Morton-Bryant,2024-03-05,2024-10-23,2026-05-22
PROD-0372,Product,Tablet,Apple,31438,62,"Mann, Osborne and Munoz",2024-08-27,2024-04-03,2025-05-10
PROD-0373,Impact,Tablet,Nikon,33035,38,"Jenkins, Morris and Thompson",2024-03-19,2024-04-09,2025-03-15
PROD-0374,Democratic,Accessories,Canon,5937,23,"Brooks, Washington and Fitzgerald",2024-07-21,2024-02-15,2025-10-04
PROD-0375,Hold,Mobile,Samsung,24713,89,Molina Group,2024-04-09,2024-07-17,2025-02-06
PROD-0376,Hand,Laptop,Samsung,39996,40,"Butler, Bell and Wilkinson",2024-07-10,2024-10-02,2025-01-03
PROD-0377,Kitchen,Laptop,Samsung,20611,23,Nunez-Freeman,2024-07-11,2024-10-24,2026-02-20
PROD-0378,Better,Accessories,Sony,8617,88,"Petty, Clark and Anderson",2024-07-11,2024-10-12,2025-08-03
PROD-0379,Character,Laptop,Bose,47373,18,Barber LLC,2024-10-27,2024-05-25,2026-07-21
PROD-0380,National,Mobile,HP,40935,1,Butler-Flynn,2024-02-27,2024-03-23,2025-12-19
PROD-0381,Area,Tablet,Bose,46074,47,Kim-Stephens,2024-10-13,2024-03-16,2026-04-23
PROD-0382,Parent,Accessories,Canon,29378,99,"Cobb, Abbott and Gibson",2024-05-16,2024-11-13,2024-12-09
PROD-0383,State,Mobile,Bose,34698,9,"Wells, Clark and Anderson",2024-04-05,2024-09-17,2025-05-16
PROD-0384,Notice,Headphones,Canon,18263,7,Estrada Inc,2024-02-25,2024-05-18,2025-06-11
PROD-0385,Night,Laptop,HP,47676,1,"Williams, Mathews and Sutton",2024-09-08,2024-11-07,2025-07-17
PROD-0386,International,Mobile,Apple,16791,1,"Freeman, Lyons and Silva",2024-04-08,2024-08-06,2025-02-15
PROD-0387,Rule,Headphones,Bose,1264,41,Davenport Ltd,2024-01-02,2024-07-28,2026-09-16
PROD-0388,System,Camera,Samsung,16831,62,"Hall, Long and Miller",2024-06-15,2024-05-06,2026-09-13
PROD-0389,Pm,Headphones,Canon,30827,36,"Reyes, Estrada and Baker",2024-01-11,2024-06-11,2026-02-03
PROD-0390,Father,Mobile,Bose,4603,24,Nash and Sons,2024-09-05,2024-04-10,2025-04-19
PROD-0391,Data,Headphones,Dell,39086,70,"Thompson, Walker and Gray",2024-10-04,2024-02-17,2026-06-25
PROD-0392,Likely,Laptop,Samsung,37407,92,Collins-Small,2024-03-12,2024-07-29,2025-03-22
PROD-0393,Cell,Laptop,Canon,40620,35,Shaffer Inc,2024-05-30,2024-02-05,2026-03-10
PROD-0394,Plan,Mobile,Bose,33398,5,Nelson-Harris,2024-03-22,2024-05-16,2026-03-20
PROD-0395,Quickly,Mobile,Nikon,17275,32,Chandler-Butler,2024-08-05,2024-08-09,2025-11-14
PROD-0396,Best,Mobile,HP,39744,33,Phelps-Cummings,2024-05-27,2024-09-08,2025-06-10
PROD-0397,Start,Tablet,Dell,14729,12,"Summers, Martinez and Thomas",2024-02-17,2024-03-19,2025-08-10
PROD-0398,Listen,Tablet,Dell,5619,99,"Kelly, Knapp and Beck",2024-08-22,2024-11-17,2024-11-24
PROD-0399,Religious,Headphones,Bose,23104,60,Thomas Ltd,2024-07-18,2024-08-28,2026-09-10
PROD-0400,A,Headphones,Bose,37840,94,"Poole, Mcgee and Turner",2024-02-10,2024-08-13,2025-08-24
PROD-0401,Not,Accessories,Sony,31422,57,Rodriguez-Cuevas,2024-05-09,2024-04-14,2026-07-25
PROD-0402,Dark,Mobile,Apple,853,94,Allen-Perry,2024-01-21,2024-10-10,2024-12-05
PROD-0403,Full,Mobile,Nikon,38095,17,"Bernard, Clark and Bell",2024-08-14,2024-09-19,2026-07-07
PROD-0404,Republican,Accessories,Apple,37495,18,"Smith, Carr and Brown",2024-08-14,2024-02-29,2026-07-30
PROD-0405,Decade,Headphones,Apple,35376,76,Jones-Mitchell,2024-07-06,2024-07-05,2026-08-26
PROD-0406,Arrive,Accessories,Nikon,19672,87,Buchanan-Mccall,2024-09-19,2024-08-21,2025-11-01
PROD-0407,Many,Laptop,Bose,27037,79,Morrison Inc,2024-05-23,2024-09-21,2025-09-20
PROD-0408,Question,Camera,Sony,32542,50,"Watkins, Brown and Turner",2024-04-10,2024-04-16,2025-11-04
PROD-0409,Media,Camera,Apple,17625,7,Mills-Moses,2024-10-26,2024-04-27,2026-05-01
PROD-0410,Total,Tablet,Bose,12289,93,"Murphy, Frank and Jacobs",2024-09-12,2024-01-03,2025-09-10
PROD-0411,Fine,Mobile,Nikon,20470,14,Perez Inc,2024-08-21,2024-01-15,2026-04-23
PROD-0412,Machine,Tablet,Apple,6645,70,Skinner-Ramos,2024-09-06,2024-07-06,2026-07-01
PROD-0413,Pretty,Camera,Bose,43178,15,Craig-Manning,2024-08-24,2024-03-29,2026-05-07
PROD-0414,Work,Headphones,HP,5526,72,Schaefer Inc,2024-01-21,2024-09-13,2026-09-18
PROD-0415,Think,Laptop,Dell,40988,87,Davenport-Sullivan,2024-06-22,2024-09-08,2026-04-05
PROD-0416,Month,Accessories,HP,40369,33,Phillips LLC,2024-08-03,2024-04-09,2025-03-09
PROD-0417,Thus,Laptop,Nikon,24516,49,Lucas Inc,2024-08-15,2024-01-05,2026-10-23
PROD-0418,Discussion,Mobile,Bose,34635,85,Gutierrez-White,2024-07-30,2024-11-26,2025-01-17
PROD-0419,Hair,Tablet,HP,32064,97,Young-Buckley,2024-03-21,2024-12-28,2025-11-14
PROD-0420,Perhaps,Headphones,Apple,29875,68,Smith PLC,2024-06-30,2024-04-01,2025-11-11
PROD-0421,Director,Laptop,Dell,20512,33,"Lowery, Mcfarland and Allen",2024-10-06,2024-04-11,2024-11-25
PROD-0422,Home,Laptop,HP,27065,56,Smith Inc,2024-08-04,2024-01-29,2025-10-31
PROD-0423,Official,Laptop,Samsung,29761,90,Cannon-Wilson,2024-06-12,2024-07-05,2024-11-19
PROD-0424,Bit,Headphones,Nikon,2269,70,"Nguyen, Norman and Davis",2024-10-13,2024-06-12,2025-11-06
PROD-0425,Card,Laptop,Dell,20570,62,Ho Group,2024-08-15,2024-01-27,2025-08-23
PROD-0426,Hit,Tablet,Dell,32066,52,"Sutton, Williams and Flowers",2024-08-29,2024-01-06,2026-03-10
PROD-0427,Arrive,Headphones,Canon,28014,13,Suarez-Lee,2024-06-15,2024-08-25,2026-07-21
PROD-0428,Account,Accessories,Nikon,28609,55,Carroll-Lopez,2024-08-03,2024-11-22,2026-06-04
PROD-0429,Read,Headphones,Sony,33602,98,Lambert-Macias,2024-04-25,2024-03-21,2024-11-11
PROD-0430,Do,Headphones,Sony,40347,94,"Collins, Williams and Clark",2024-10-21,2024-11-02,2025-08-02
PROD-0431,Agent,Headphones,HP,23917,91,King-Zimmerman,2024-05-28,2024-06-15,2025-12-02
PROD-0432,By,Headphones,Nikon,44804,36,Baird-Banks,2024-07-30,2024-11-20,2026-01-26
PROD-0433,Owner,Accessories,Bose,35134,42,Reyes Inc,2024-08-05,2024-06-17,2025-07-07
PROD-0434,Talk,Tablet,Canon,25834,3,Garcia-Campbell,2024-01-07,2024-03-16,2026-09-13
PROD-0435,Any,Tablet,Dell,17547,40,"Wilson, Torres and Brown",2024-08-20,2024-04-26,2026-06-15
PROD-0436,Control,Accessories,Apple,28326,70,"Rose, Oliver and Stephens",2024-05-27,2024-11-27,2025-09-09
PROD-0437,Popular,Camera,Canon,44623,22,Sanders-Sanchez,2024-02-24,2024-08-26,2025-01-13
PROD-0438,Anyone,Accessories,Apple,48269,55,Russell Inc,2024-09-17,2024-03-05,2025-11-02
PROD-0439,Despite,Laptop,Nikon,40662,73,Gay-Johnson,2024-10-31,2024-10-23,2025-04-08
PROD-0440,Child,Camera,Bose,45394,22,Evans-Sellers,2024-05-24,2024-09-17,2026-10-29
PROD-0441,Hit,Tablet,Bose,27382,98,Hughes and Sons,2024-02-01,2024-05-22,2024-11-18
PROD-0442,Arm,Laptop,Sony,35684,53,Greene-Goodwin,2024-03-23,2024-05-09,2026-02-26
PROD-0443,Measure,Accessories,Samsung,6531,15,Riley Ltd,2024-07-12,2024-01-19,2026-09-30
PROD-0444,Eight,Accessories,Apple,49429,64,Shaw LLC,2024-01-06,2024-09-18,2025-04-05
PROD-0445,Debate,Laptop,Canon,12376,18,"Johnston, Spence and Johnson",2024-10-10,2024-04-30,2024-12-01
PROD-0446,Work,Laptop,Sony,28909,71,"Robles, Sullivan and Archer",2024-10-30,2024-02-24,2025-05-03
PROD-0447,Both,Camera,Dell,15797,73,Greene Group,2024-07-11,2024-02-04,2026-10-14
PROD-0448,Side,Camera,Samsung,18692,69,Duncan PLC,2024-08-18,2024-12-25,2025-05-10
PROD-0449,Work,Headphones,Sony,19600,26,Anderson-Camacho,2024-05-05,2024-07-26,2025-11-08
PROD-0450,Most,Headphones,Bose,13562,1,Olson-Lawson,2024-02-29,2024-04-19,2025-07-10
PROD-0451,Support,Laptop,Apple,28982,65,Tucker-Payne,2024-09-23,2024-04-06,2024-12-07
PROD-0452,Purpose,Headphones,Bose,2105,20,Brown Group,2024-01-27,2024-08-15,2024-11-12
PROD-0453,Pass,Headphones,Sony,26234,98,Rivas-Jones,2024-10-23,2024-09-15,2026-08-28
PROD-0454,Who,Headphones,Sony,15148,98,"Kelley, Mcdowell and Myers",2024-06-28,2024-06-29,2025-10-29
PROD-0455,Do,Headphones,Dell,34581,53,"Mcknight, Cowan and Hudson",2024-02-20,2024-02-26,2026-07-22
PROD-0456,Party,Camera,Sony,41474,37,Bowman-Taylor,2024-04-23,2024-04-13,2025-01-21
PROD-0457,Threat,Headphones,Nikon,9646,22,King-Palmer,2024-02-27,2024-11-15,2025-01-07
PROD-0458,Term,Laptop,HP,6977,74,Young-Marquez,2024-09-05,2024-01-26,2025-03-30
PROD-0459,Example,Headphones,Dell,45741,97,Marsh-Wilson,2024-04-01,2024-08-21,2026-07-30
PROD-0460,Kitchen,Accessories,Sony,43925,20,Bishop-Alexander,2024-09-27,2024-01-07,2026-10-20
PROD-0461,Film,Tablet,Apple,24626,56,Brewer-Stone,2024-04-29,2024-09-13,2026-06-01
PROD-0462,Power,Tablet,Sony,19205,83,Hernandez-Walker,2024-03-03,2024-06-26,2026-03-20
PROD-0463,Have,Headphones,Bose,46976,54,Holt-Steele,2024-05-10,2024-02-22,2025-01-31
PROD-0464,Dinner,Headphones,Sony,12277,23,Jones-Sutton,2024-10-14,2024-08-21,2026-07-06
PROD-0465,Kind,Tablet,Bose,33499,56,Smith-Johnson,2024-05-06,2024-10-18,2025-10-14
PROD-0466,Life,Tablet,HP,42603,92,"Pitts, Kim and Nguyen",2024-05-06,2024-06-22,2025-10-10
PROD-0467,Suffer,Mobile,Samsung,39654,19,"Maldonado, Stafford and Walker",2024-04-01,2024-07-06,2026-03-15
PROD-0468,Decade,Mobile,Nikon,4075,32,"Noble, Brennan and Montgomery",2024-01-02,2024-05-10,2025-01-10
PROD-0469,Home,Headphones,Bose,10239,23,Walsh-Williams,2024-08-09,2024-03-25,2025-03-09
PROD-0470,Again,Tablet,Bose,31513,18,"Ray, Decker and Roth",2024-01-09,2024-07-26,2026-03-30
PROD-0471,Challenge,Tablet,Bose,30320,49,Edwards-Pierce,2024-07-03,2024-08-29,2025-08-03
PROD-0472,Available,Tablet,Apple,28876,91,"Frazier, Green and Sanders",2024-10-12,2024-10-27,2024-12-09
PROD-0473,Share,Tablet,Canon,10271,11,Lee Inc,2024-06-02,2024-09-09,2025-12-17
PROD-0474,Sister,Mobile,Sony,37660,1,Kennedy LLC,2024-02-04,2024-12-20,2026-05-05
PROD-0475,Save,Headphones,Bose,14167,29,Kemp-Alvarez,2024-04-10,2024-07-18,2026-09-14
PROD-0476,Wall,Camera,Sony,17179,35,"Brown, Bruce and Edwards",2024-01-21,2024-12-05,2025-05-21
PROD-0477,Miss,Headphones,Apple,19161,56,"Vaughan, Lowe and Young",2024-03-07,2024-01-03,2026-04-20
PROD-0478,Movement,Headphones,Bose,44492,75,Knight Inc,2024-06-13,2024-09-04,2024-12-17
PROD-0479,Drive,Laptop,Nikon,15479,78,"Pace, Cordova and Yu",2024-05-20,2024-06-12,2024-11-12
PROD-0480,Service,Headphones,Nikon,20795,3,Garcia-Davis,2024-04-08,2024-03-24,2025-06-11
PROD-0481,Suddenly,Camera,Apple,18476,71,Snyder and Sons,2024-02-27,2024-03-07,2025-09-12
PROD-0482,Color,Laptop,Samsung,21255,42,Taylor Inc,2024-05-04,2024-11-21,2026-04-19
PROD-0483,Back,Accessories,Canon,18124,52,Ramirez LLC,2024-02-08,2024-08-27,2025-08-27
PROD-0484,Range,Camera,Apple,49114,31,Robinson Ltd,2024-10-20,2024-05-11,2025-03-18
PROD-0485,Response,Accessories,Apple,22330,89,Luna Ltd,2024-02-05,2024-10-08,2026-05-30
PROD-0486,Product,Laptop,Nikon,49422,90,Brown Ltd,2024-08-27,2024-12-31,2026-09-04
PROD-0487,Letter,Accessories,Canon,22742,38,"Stephens, Bond and Webster",2024-06-15,2024-03-28,2026-02-07
PROD-0488,Determine,Mobile,Nikon,10375,95,Bell and Sons,2024-05-08,2024-05-07,2025-11-11
PROD-0489,Wonder,Camera,Nikon,34424,44,Gray Ltd,2024-05-05,2024-09-17,2025-11-29
PROD-0490,Scientist,Tablet,Bose,5657,10,Robbins-Campos,2024-08-18,2024-06-09,2026-08-04
PROD-0491,Goal,Laptop,Apple,12586,69,Crawford LLC,2024-09-16,2024-11-23,2025-09-26
PROD-0492,Education,Accessories,Bose,31285,48,"Jackson, Barker and Hunt",2024-05-12,2024-06-25,2025-05-23
PROD-0493,Expert,Accessories,Samsung,1473,64,Baker-Bartlett,2024-03-07,2024-04-12,2026-10-09
PROD-0494,Important,Laptop,Samsung,1324,84,Martinez-Daugherty,2024-02-20,2024-05-19,2025-04-19
PROD-0495,Cell,Headphones,Bose,38416,15,"Hicks, Perkins and Hall",2024-02-12,2024-05-07,2024-12-21
PROD-0496,Time,Accessories,Canon,19837,45,Graves Inc,2024-07-15,2024-05-18,2025-02-09
PROD-0497,Later,Mobile,Nikon,35376,80,"Dougherty, Roach and Johnson",2024-06-13,2024-09-09,2026-08-26
PROD-0498,Anything,Laptop,Nikon,14587,66,"Mathis, Henderson and Nichols",2024-03-31,2024-10-21,2025-12-23
PROD-0499,Plant,Headphones,Apple,30045,68,"Brown, Fox and Brooks",2024-03-02,2024-08-30,2025-07-15
PROD-0500,Either,Camera,Dell,29750,30,Garrett Group,2024-02-01,2024-06-21,2026-03-12
PROD-0501,Section,Mobile,HP,5001,35,"Simpson, Lee and Haney",2024-09-15,2024-04-18,2025-09-23
PROD-0502,Claim,Laptop,Samsung,23700,23,"Patterson, Reed and Long",2024-10-19,2024-06-12,2026-10-06
PROD-0503,Enjoy,Headphones,Nikon,48086,17,Stevens-Bates,2024-10-24,2024-07-24,2026-09-24
PROD-0504,Election,Mobile,HP,41959,25,"Harris, Davis and Byrd",2024-05-11,2024-05-19,2025-11-27
PROD-0505,Gun,Headphones,Apple,33882,49,Rogers-Smith,2024-02-20,2024-04-03,2026-01-17
PROD-0506,College,Accessories,Bose,46041,18,Weiss and Sons,2024-07-27,2024-12-02,2025-11-18
PROD-0507,Different,Tablet,HP,23632,7,Vaughn Ltd,2024-05-27,2024-04-14,2026-05-13
PROD-0508,Produce,Camera,HP,14675,10,Johnson-Jordan,2024-06-18,2024-08-13,2026-01-20
PROD-0509,Box,Headphones,Dell,3161,31,Murphy-Thompson,2024-08-31,2024-08-19,2025-12-30
PROD-0510,Meet,Accessories,Apple,13443,33,Kelly Group,2024-08-23,2024-10-22,2026-05-12
PROD-0511,Standard,Mobile,Samsung,49286,88,Thomas-Campbell,2024-07-23,2024-12-17,2025-06-25
PROD-0512,Management,Mobile,Bose,43988,11,Adams-Cruz,2024-10-12,2024-07-14,2026-07-22
PROD-0513,Government,Accessories,Sony,20171,56,Rodriguez-Torres,2024-06-07,2024-05-05,2025-11-09
PROD-0514,Usually,Camera,Canon,8218,53,Ware-Rodriguez,2024-02-20,2024-05-08,2025-12-08
PROD-0515,Too,Mobile,Canon,2391,65,Rogers-Smith,2024-06-22,2024-04-13,2025-07-21
PROD-0516,Magazine,Camera,Nikon,42794,15,Carrillo-Gay,2024-06-18,2024-10-06,2025-09-19
PROD-0517,Information,Mobile,Nikon,29180,3,Johnson Inc,2024-03-04,2024-07-04,2026-04-13
PROD-0518,Near,Laptop,Bose,1174,13,"Lynch, King and Patel",2024-09-15,2024-11-11,2026-05-31
PROD-0519,Election,Laptop,Sony,45044,81,Anthony-Hall,2024-09-15,2024-12-27,2026-02-22
PROD-0520,Response,Camera,Sony,45667,43,Russo-Shea,2024-04-28,2024-02-07,2025-02-05
PROD-0521,Baby,Camera,Canon,765,63,"Singh, Hicks and Miller",2024-08-20,2024-11-11,2024-11-08
PROD-0522,Word,Accessories,Apple,38519,69,Ramirez-Moore,2024-03-26,2024-12-27,2025-06-06
PROD-0523,Outside,Accessories,Canon,3659,82,Baker-Jones,2024-03-25,2024-03-20,2025-08-13
PROD-0524,Must,Laptop,Sony,7802,99,Hernandez-Burke,2024-10-30,2024-05-09,2025-12-01
PROD-0525,Pass,Headphones,Nikon,48241,7,Johnson-Rodriguez,2024-01-08,2024-11-03,2025-05-06
PROD-0526,Specific,Accessories,Sony,43130,82,"Travis, Long and Farmer",2024-09-26,2024-04-12,2025-05-09
PROD-0527,Activity,Laptop,Nikon,16432,12,Shaw-Jacobson,2024-06-05,2024-09-10,2025-05-23
PROD-0528,Dinner,Headphones,Canon,22039,14,Navarro LLC,2024-03-02,2024-08-14,2025-06-08
PROD-0529,Practice,Tablet,Nikon,32880,95,Simpson PLC,2024-06-30,2024-11-23,2026-10-19
PROD-0530,Project,Headphones,Nikon,40416,20,Smith Group,2024-10-31,2024-09-30,2026-06-02
PROD-0531,All,Camera,HP,44419,6,"Fisher, Rodriguez and Reyes",2024-03-22,2024-02-17,2026-10-17
PROD-0532,Whose,Mobile,Samsung,34025,10,Larson Ltd,2024-11-01,2024-09-22,2025-06-10
PROD-0533,Hope,Headphones,HP,13658,76,"Klein, Graham and Anderson",2024-05-27,2024-11-11,2026-10-07
PROD-0534,There,Mobile,Nikon,14854,7,Evans-Bates,2024-05-07,2024-03-04,2025-12-21
PROD-0535,Social,Mobile,HP,43632,92,"Mcdonald, Smith and Burton",2024-06-12,2024-02-13,2026-01-04
PROD-0536,Professional,Mobile,Apple,20644,48,"Hudson, Reyes and Wright",2024-09-24,2024-06-16,2025-03-29
PROD-0537,Industry,Mobile,Canon,47470,48,Strong LLC,2024-02-24,2024-02-29,2025-01-13
PROD-0538,Avoid,Mobile,HP,2258,2,Lucas-Kramer,2024-10-07,2024-05-30,2025-10-20
PROD-0539,Peace,Camera,Samsung,44421,45,Howard-Savage,2024-06-07,2024-08-14,2026-01-10
PROD-0540,Church,Laptop,Dell,20487,57,"Thompson, Harper and Young",2024-02-20,2024-05-14,2026-06-25
PROD-0541,Sort,Mobile,Sony,43285,71,"Watkins, Williams and Chapman",2024-05-17,2024-05-01,2026-10-28
PROD-0542,Scene,Laptop,Canon,25978,3,"Martin, Lopez and Cooper",2024-08-26,2024-09-30,2025-04-22
PROD-0543,Week,Accessories,Sony,41323,22,Smith LLC,2024-02-22,2024-10-16,2026-08-31
PROD-0544,Send,Accessories,Sony,28042,22,"Taylor, Wright and Davis",2024-01-24,2024-02-05,2026-09-07
PROD-0545,Edge,Accessories,Dell,25847,56,"Hines, Stone and Williams",2024-09-06,2024-06-21,2026-02-24
PROD-0546,Hot,Headphones,HP,12460,84,"Smith, Hart and Hatfield",2024-05-02,2024-07-14,2026-09-12
PROD-0547,May,Camera,HP,16746,13,Price Ltd,2024-08-20,2024-06-23,2025-07-19
PROD-0548,Attention,Accessories,HP,6566,49,Hall-Wright,2024-05-06,2024-04-25,2024-12-08
PROD-0549,Call,Accessories,Canon,3562,55,"Tucker, Wong and Kennedy",2024-01-07,2024-11-14,2026-06-14
PROD-0550,Together,Laptop,Bose,7733,21,"Miller, Simpson and Brown",2024-05-15,2024-10-13,2025-03-20
PROD-0551,He,Laptop,Dell,27293,13,"Wilson, Franklin and Johnson",2024-05-04,2024-05-07,2026-07-30
PROD-0552,Prove,Accessories,Apple,48737,30,English-Baker,2024-04-04,2024-07-24,2026-09-13
PROD-0553,Voice,Tablet,Canon,37920,5,"Riley, Parker and Klein",2024-10-16,2024-09-26,2026-01-22
PROD-0554,They,Camera,Bose,21272,56,Wilkinson Inc,2024-11-01,2024-10-26,2025-09-27
PROD-0555,Present,Headphones,Dell,45015,68,Bowman-Nguyen,2024-02-23,2024-09-03,2026-01-20
PROD-0556,Form,Headphones,HP,8656,31,Thompson-Smith,2024-10-02,2024-06-24,2025-10-30
PROD-0557,Consumer,Headphones,Nikon,40809,84,"Hernandez, Gomez and Johnson",2024-09-01,2024-09-13,2025-06-05
PROD-0558,Must,Camera,HP,11716,40,"Mcguire, Jennings and Ross",2024-03-05,2024-09-30,2025-08-15
PROD-0559,Necessary,Camera,Samsung,35151,58,Wilkinson Group,2024-03-20,2024-07-18,2025-01-10
PROD-0560,However,Tablet,Samsung,4897,51,"Crawford, Ross and Brooks",2024-07-14,2024-03-31,2024-11-19
PROD-0561,Dark,Tablet,Sony,34552,15,"Martin, Jones and Stewart",2024-07-23,2024-01-28,2025-01-22
PROD-0562,High,Camera,Bose,24737,36,Beck-Reid,2024-02-15,2024-05-09,2025-05-11
PROD-0563,Sign,Camera,Samsung,10986,21,Riggs Ltd,2024-06-02,2024-07-31,2026-07-08
PROD-0564,Prevent,Camera,Bose,48318,29,Lopez LLC,2024-08-19,2024-07-31,2025-06-01
PROD-0565,Fire,Headphones,Nikon,16414,34,Parrish-Coleman,2024-07-30,2024-10-12,2026-09-03
PROD-0566,Ok,Mobile,Bose,10364,53,King Ltd,2024-02-06,2024-04-19,2025-08-17
PROD-0567,Campaign,Accessories,Dell,44176,20,"Perry, Rocha and Taylor",2024-05-14,2024-11-02,2025-03-26
PROD-0568,Mind,Mobile,HP,12654,80,Murphy-Chapman,2024-05-24,2024-11-26,2026-01-22
PROD-0569,Tree,Mobile,HP,4408,73,Garcia LLC,2024-07-31,2024-04-30,2026-08-02
PROD-0570,Institution,Laptop,HP,29375,12,Wilson-Brown,2024-07-23,2024-02-11,2025-02-15
PROD-0571,Major,Camera,Sony,21875,38,"Cooke, Oneill and Hicks",2024-06-22,2024-12-23,2025-10-14
PROD-0572,Reality,Tablet,Dell,46016,20,Lewis PLC,2024-06-20,2024-10-07,2026-08-23
PROD-0573,Sound,Mobile,HP,4739,71,Ramirez-Bryan,2024-10-29,2024-11-08,2026-01-20
PROD-0574,Make,Accessories,Bose,38688,19,"Reyes, Cook and Bradley",2024-07-05,2024-05-09,2026-05-05
PROD-0575,Author,Laptop,Canon,26809,71,"Weaver, Taylor and Martin",2024-01-11,2024-02-20,2024-12-31
PROD-0576,Sit,Headphones,Canon,33747,38,Campos Inc,2024-02-16,2024-05-26,2025-05-18
PROD-0577,Necessary,Laptop,Canon,40602,29,"Logan, Ramos and Hayes",2024-02-03,2024-03-26,2026-01-17
PROD-0578,Less,Accessories,Bose,21777,36,Mitchell and Sons,2024-08-24,2024-12-27,2025-06-08
PROD-0579,I,Tablet,Samsung,9984,18,"Todd, Flowers and Marshall",2024-03-21,2024-08-05,2026-01-15
PROD-0580,Stay,Laptop,Sony,21687,1,Oneal Ltd,2024-05-08,2024-01-04,2026-06-02
PROD-0581,Upon,Camera,HP,26534,48,Brooks Group,2024-04-30,2024-05-26,2025-07-11
PROD-0582,Join,Camera,Nikon,23786,62,"Morgan, Costa and Williams",2024-09-02,2024-06-06,2026-07-14
PROD-0583,Discover,Mobile,Canon,6784,53,Brown Ltd,2024-05-20,2024-08-02,2026-03-16
PROD-0584,Attorney,Mobile,Sony,23085,70,Spence Inc,2024-10-15,2024-04-22,2025-04-18
PROD-0585,Write,Accessories,Dell,45143,28,Jordan-Meyer,2024-06-19,2024-12-18,2025-09-07
PROD-0586,Themselves,Camera,HP,49226,93,Davila-Beard,2024-04-28,2024-07-15,2025-02-03
PROD-0587,Rock,Laptop,Apple,26643,48,"Harris, Sherman and Rangel",2024-10-02,2024-06-13,2025-12-31
PROD-0588,If,Mobile,Bose,15724,67,"Valdez, Nguyen and Johnson",2024-10-30,2024-10-22,2025-11-11
PROD-0589,Wrong,Tablet,Samsung,27403,47,"Floyd, Williams and Anderson",2024-05-20,2024-06-08,2025-12-03
PROD-0590,As,Mobile,Bose,11637,27,"Norman, Silva and Alvarado",2024-06-11,2024-07-24,2026-10-28
PROD-0591,Understand,Camera,Samsung,21114,36,"Sanders, Mason and Lynch",2024-07-12,2024-09-14,2025-02-10
PROD-0592,Marriage,Accessories,Dell,13935,29,"Daugherty, Hill and Barker",2024-09-27,2024-06-03,2025-03-06
PROD-0593,Term,Tablet,HP,15172,87,Combs-Davis,2024-05-19,2024-10-11,2026-02-11
PROD-0594,Whose,Accessories,HP,4486,33,Wall-Odonnell,2024-03-04,2024-08-01,2026-04-26
PROD-0595,Tree,Accessories,Sony,12991,65,"Mcclain, Nelson and Lynch",2024-09-04,2024-11-30,2025-12-19
PROD-0596,Parent,Headphones,HP,39795,30,Valdez-Harris,2024-10-29,2024-03-21,2025-05-13
PROD-0597,Result,Camera,Canon,14065,37,"Hansen, Wilson and Barnes",2024-04-26,2024-04-24,2025-09-23
PROD-0598,Land,Tablet,Canon,4638,51,Williams LLC,2024-03-31,2024-03-31,2025-01-30
PROD-0599,Approach,Accessories,HP,27178,18,Doyle and Sons,2024-08-02,2024-12-28,2025-09-17
PROD-0600,According,Mobile,Sony,13455,77,Franklin and Sons,2024-09-04,2024-02-22,2025-01-17
PROD-0601,Body,Laptop,Dell,8371,95,Oconnell and Sons,2024-08-12,2024-08-29,2025-06-19
PROD-0602,Study,Headphones,Nikon,33560,16,Martinez-Lewis,2024-03-25,2024-11-12,2025-06-26
PROD-0603,Under,Laptop,Bose,7991,14,Jones-Lee,2024-07-05,2024-06-16,2025-01-21
PROD-0604,Beautiful,Tablet,Apple,36312,32,Williams-Cox,2024-04-27,2024-01-16,2025-03-18
PROD-0605,Keep,Mobile,Apple,31842,62,Anderson-Smith,2024-09-27,2024-03-09,2026-05-04
PROD-0606,Direction,Camera,Dell,28539,11,"Leon, Montes and Huynh",2024-02-02,2024-02-21,2025-03-19
PROD-0607,Society,Accessories,Canon,32999,65,Mccarty-Nelson,2024-04-15,2024-12-18,2026-01-01
PROD-0608,Project,Headphones,Apple,33090,32,Farmer and Sons,2024-03-24,2024-02-25,2025-10-10
PROD-0609,Way,Mobile,Bose,41059,10,Fowler Inc,2024-07-06,2024-08-09,2025-05-29
PROD-0610,Participant,Tablet,Dell,9492,94,Scott-Davis,2024-05-16,2024-07-21,2025-03-23
PROD-0611,Begin,Camera,Dell,39283,87,"Lewis, Kaufman and Johnson",2024-02-27,2024-12-17,2025-06-02
PROD-0612,You,Camera,Sony,25669,21,Mcbride Ltd,2024-03-24,2024-08-16,2026-04-26
PROD-0613,Daughter,Camera,Sony,26870,39,Mendoza and Sons,2024-05-10,2024-08-22,2026-09-22
PROD-0614,Watch,Accessories,Nikon,5357,20,Palmer-Moody,2024-01-07,2024-02-01,2025-01-30
PROD-0615,Ball,Laptop,Dell,49478,23,"Macias, Jones and Stevens",2024-10-30,2024-05-03,2025-03-08
PROD-0616,Subject,Accessories,Sony,15872,73,"Chase, Johnston and Robertson",2024-02-10,2024-05-16,2026-01-05
PROD-0617,Break,Laptop,HP,10153,67,Parker-Aguirre,2024-06-25,2024-05-24,2025-06-22
PROD-0618,Image,Tablet,HP,34343,36,Boyle-Carlson,2024-05-03,2024-03-12,2025-04-04
PROD-0619,Economy,Tablet,HP,33242,85,Rodriguez and Sons,2024-07-21,2024-06-13,2026-04-15
PROD-0620,Parent,Headphones,Apple,42113,33,Becker-Rodriguez,2024-07-06,2024-08-01,2026-04-14
PROD-0621,Grow,Headphones,Samsung,26183,8,"Lee, Bernard and Martinez",2024-05-21,2024-06-10,2025-08-11
PROD-0622,Will,Laptop,Samsung,820,32,Mata Ltd,2024-10-14,2024-06-25,2025-07-29
PROD-0623,Mother,Accessories,Canon,32278,60,Adams-Phillips,2024-05-05,2024-11-22,2025-12-27
PROD-0624,Time,Camera,Sony,27467,37,"Davis, Wilson and Mack",2024-07-09,2024-08-27,2025-02-17
PROD-0625,Trip,Laptop,Bose,21081,40,"Stone, Austin and Wright",2024-09-10,2024-07-05,2026-03-10
PROD-0626,Find,Mobile,Canon,28019,41,"Rodriguez, Mcmahon and Johnson",2024-05-08,2024-06-02,2026-04-06
PROD-0627,Teacher,Laptop,Samsung,33121,95,"Fields, Mcclure and Johnson",2024-04-12,2024-02-28,2026-06-27
PROD-0628,Human,Tablet,HP,18316,80,Vega-Horn,2024-04-28,2024-09-04,2026-05-27
PROD-0629,Thank,Camera,Nikon,47618,19,Goodman LLC,2024-05-30,2024-11-16,2026-09-16
PROD-0630,Teacher,Tablet,Sony,10362,44,"Huynh, Rose and Smith",2024-08-16,2024-08-06,2026-10-27
PROD-0631,Even,Accessories,Nikon,7898,90,Callahan Ltd,2024-01-22,2024-06-27,2026-06-25
PROD-0632,West,Tablet,Sony,20221,98,Thomas-Mcdonald,2024-09-06,2024-07-28,2025-03-28
PROD-0633,Provide,Accessories,Nikon,31807,47,Wilkinson-Brown,2024-02-12,2024-10-09,2025-08-28
PROD-0634,Under,Accessories,Apple,29861,91,Garcia-Lee,2024-05-21,2024-05-20,2024-12-06
PROD-0635,Inside,Camera,Canon,7392,15,James-Mclaughlin,2024-07-22,2024-12-24,2026-01-26
PROD-0636,Improve,Mobile,Samsung,9100,50,Velez LLC,2024-03-11,2024-11-10,2026-07-17
PROD-0637,Or,Accessories,Sony,11003,14,Barnes PLC,2024-03-08,2024-02-23,2026-08-18
PROD-0638,Into,Tablet,Apple,23889,47,"Cooper, Moore and Thompson",2024-05-08,2024-05-05,2026-09-19
PROD-0639,Sit,Laptop,Apple,28393,70,Cruz Group,2024-01-14,2024-01-14,2025-02-04
PROD-0640,Action,Headphones,Dell,5456,38,"Frazier, Matthews and Herrera",2024-01-27,2024-02-04,2026-07-27
PROD-0641,A,Mobile,Sony,23963,32,"Suarez, Bennett and Figueroa",2024-07-30,2024-05-21,2026-04-27
PROD-0642,Hard,Accessories,Canon,16041,57,Butler-Price,2024-08-12,2024-03-12,2025-09-15
PROD-0643,Avoid,Headphones,Nikon,30853,52,Long Ltd,2024-01-25,2024-04-11,2025-05-22
PROD-0644,Usually,Accessories,Dell,40202,61,"Rios, Gray and Klein",2024-07-16,2024-07-07,2025-12-25
PROD-0645,South,Accessories,Sony,10978,11,"Rodriguez, Brown and Huff",2024-01-18,2024-10-23,2025-11-30
PROD-0646,Option,Tablet,Canon,19861,43,Cook Ltd,2024-06-23,2024-02-22,2025-10-27
PROD-0647,Skill,Mobile,Canon,28191,92,"Juarez, Velez and Brown",2024-01-09,2024-09-08,2026-01-26
PROD-0648,Pass,Camera,Nikon,18668,40,Moran-Lane,2024-01-28,2024-08-10,2026-02-28
PROD-0649,Improve,Mobile,Bose,10049,57,Henson-Grant,2024-05-19,2024-09-01,2025-05-08
PROD-0650,Movie,Laptop,HP,20736,92,"Barnes, Garner and Stone",2024-09-09,2024-09-05,2025-01-13
PROD-0651,Range,Camera,Nikon,13756,2,Banks-Campbell,2024-10-12,2024-05-23,2025-09-15
PROD-0652,Sign,Laptop,Dell,29363,39,"Davis, Sherman and Solis",2024-05-28,2024-02-12,2025-11-04
PROD-0653,News,Accessories,Apple,29157,34,Shaw Inc,2024-04-30,2024-07-23,2026-03-21
PROD-0654,Specific,Accessories,Bose,44503,13,Garrett PLC,2024-10-28,2024-09-16,2025-10-17
PROD-0655,Concern,Headphones,Nikon,17664,96,Key LLC,2024-07-17,2024-02-01,2026-03-08
PROD-0656,Condition,Camera,Nikon,22967,38,"Bailey, Russo and Mason",2024-06-04,2024-12-31,2026-05-10
PROD-0657,Avoid,Laptop,Canon,40408,53,Lewis-Ellison,2024-05-17,2024-03-30,2025-04-10
PROD-0658,Work,Accessories,Canon,44024,75,Figueroa-Miller,2024-05-15,2024-08-02,2024-12-21
PROD-0659,Line,Headphones,Apple,46897,11,"Crosby, Meyer and Tran",2024-02-02,2024-11-04,2026-08-16
PROD-0660,Finish,Laptop,Bose,30782,6,Wells Ltd,2024-01-11,2024-03-04,2025-09-20
PROD-0661,Member,Mobile,Sony,45018,5,Pineda PLC,2024-08-27,2024-04-02,2025-08-15
PROD-0662,Leave,Headphones,Samsung,30661,60,Park-Sanchez,2024-10-04,2024-03-06,2025-12-17
PROD-0663,Moment,Accessories,Sony,10007,45,Carpenter-Lara,2024-07-11,2024-11-22,2026-03-03
PROD-0664,Join,Laptop,Apple,21070,1,"Bauer, Cruz and Miller",2024-05-14,2024-06-15,2026-05-15
PROD-0665,Consumer,Mobile,Apple,2590,65,"Jones, Wong and Harris",2024-06-17,2024-07-24,2026-07-04
PROD-0666,Laugh,Laptop,Apple,32567,95,"Warner, Anderson and White",2024-10-22,2024-06-03,2025-03-24
PROD-0667,Result,Tablet,Sony,26252,71,Davenport-Gutierrez,2024-10-07,2024-11-10,2025-02-11
PROD-0668,Appear,Headphones,Samsung,26777,64,"Le, Houston and Holland",2024-07-21,2024-06-08,2024-12-16
PROD-0669,Capital,Laptop,Canon,30347,65,"Zhang, Adams and Harvey",2024-08-08,2024-09-09,2025-04-19
PROD-0670,Improve,Headphones,Apple,24665,71,"Collins, Fuller and Cook",2024-07-20,2024-02-26,2026-03-20
PROD-0671,Coach,Accessories,Samsung,2630,29,Moyer PLC,2024-01-17,2024-06-29,2025-09-23
PROD-0672,Light,Accessories,Apple,41441,6,Wall Inc,2024-04-29,2024-10-18,2025-07-03
PROD-0673,After,Camera,Samsung,2588,33,Charles-Mann,2024-01-03,2024-07-31,2025-05-16
PROD-0674,Certainly,Accessories,HP,38563,1,Boone PLC,2024-01-27,2024-11-12,2024-12-24
PROD-0675,Room,Accessories,Samsung,39657,76,May-Delgado,2024-03-08,2024-10-14,2025-02-07
PROD-0676,Fall,Camera,Sony,21451,7,"Taylor, Morris and Shepherd",2024-09-15,2024-12-26,2026-04-04
PROD-0677,Rich,Laptop,Samsung,23823,40,Lewis Ltd,2024-04-11,2024-02-20,2026-07-16
PROD-0678,Morning,Camera,Samsung,30457,80,Brown Inc,2024-02-26,2024-12-01,2025-04-03
PROD-0679,Full,Tablet,HP,15893,38,"Brady, Garcia and Camacho",2024-02-25,2024-12-10,2025-01-08
PROD-0680,Artist,Tablet,Dell,11710,84,Owens Group,2024-09-17,2024-01-25,2026-01-10
PROD-0681,Billion,Laptop,HP,41483,63,"Nelson, Key and Ray",2024-01-11,2024-08-22,2025-06-21
PROD-0682,Fine,Headphones,Apple,10265,84,Johnson Inc,2024-01-10,2024-04-28,2025-10-24
PROD-0683,Season,Accessories,Dell,8390,24,Petty-Lara,2024-02-29,2024-03-30,2026-03-18
PROD-0684,Page,Headphones,Apple,44128,4,Dennis-Petersen,2024-09-20,2024-04-09,2025-01-08
PROD-0685,Administration,Tablet,Samsung,25188,31,Summers-Larson,2024-10-21,2024-07-01,2025-09-16
PROD-0686,Cell,Mobile,Canon,35225,52,Wells Group,2024-02-23,2024-05-12,2026-07-05
PROD-0687,Certain,Laptop,Nikon,17271,7,Irwin Inc,2024-09-14,2024-11-19,2024-12-02
PROD-0688,At,Accessories,Canon,22611,65,"Lee, Williams and Howard",2024-06-10,2024-12-05,2026-04-01
PROD-0689,Heavy,Mobile,HP,37318,48,Shaw and Sons,2024-08-13,2024-07-11,2025-01-20
PROD-0690,Control,Tablet,Sony,47599,6,Roman-Miller,2024-01-31,2024-02-06,2026-04-24
PROD-0691,Idea,Camera,Dell,36075,26,Flynn LLC,2024-04-22,2024-10-17,2025-08-16
PROD-0692,Open,Headphones,Apple,43095,43,"Williams, Barker and White",2024-01-25,2024-02-08,2025-06-06
PROD-0693,Represent,Accessories,HP,44025,5,Nicholson and Sons,2024-09-21,2024-01-24,2026-01-26
PROD-0694,Officer,Accessories,Dell,25078,39,Santos-Huynh,2024-06-18,2024-01-17,2026-05-29
PROD-0695,Run,Tablet,Canon,13405,24,"Brown, Johnson and Smith",2024-05-12,2024-03-20,2024-12-03
PROD-0696,Interest,Tablet,Nikon,46880,50,Diaz-Stevens,2024-01-14,2024-04-21,2025-11-26
PROD-0697,Level,Accessories,Dell,3594,7,Dunn PLC,2024-09-24,2024-01-12,2026-05-23
PROD-0698,Use,Accessories,Samsung,48474,81,Peterson-Bridges,2024-06-23,2024-06-11,2025-01-27
PROD-0699,Change,Camera,Nikon,7619,51,"Watts, Moore and Walker",2024-05-07,2024-12-28,2026-02-18
PROD-0700,Little,Tablet,Nikon,3882,35,Brewer LLC,2024-02-04,2024-10-25,2025-03-21
PROD-0701,Success,Headphones,Dell,17386,23,Anderson-Chung,2024-03-04,2024-04-19,2025-03-13
PROD-0702,Thing,Laptop,HP,49059,66,Price-Huff,2024-04-19,2024-02-27,2025-06-20
PROD-0703,Tend,Mobile,Samsung,4813,40,"Richard, Haas and Williams",2024-08-10,2024-07-11,2025-01-07
PROD-0704,Hope,Laptop,Nikon,6574,77,Flores-Oliver,2024-09-14,2024-04-20,2025-02-17
PROD-0705,Benefit,Camera,Bose,31595,33,Bishop-Torres,2024-03-31,2024-11-13,2026-07-05
PROD-0706,Blue,Laptop,Dell,15166,28,"Smith, Williams and Mcdonald",2024-07-10,2024-09-11,2024-12-17
PROD-0707,Leader,Headphones,Apple,15027,30,Ortiz-Hernandez,2024-03-17,2024-09-09,2025-02-15
PROD-0708,Money,Mobile,Dell,17799,75,"Thomas, Ross and Johnson",2024-07-24,2024-11-22,2026-06-03
PROD-0709,Throughout,Headphones,Sony,8191,95,"Pearson, Estrada and Clark",2024-01-01,2024-08-03,2025-05-02
PROD-0710,Maybe,Camera,Sony,24807,76,"Carter, Myers and Gonzalez",2024-02-13,2024-10-24,2025-07-07
PROD-0711,End,Accessories,Sony,24116,39,Salazar-Lopez,2024-02-07,2024-10-10,2025-10-11
PROD-0712,Else,Headphones,Sony,48792,9,Schultz Group,2024-02-21,2024-04-11,2025-12-06
PROD-0713,Quite,Mobile,Dell,24686,71,Morgan-Jacobs,2024-09-03,2024-12-03,2026-09-27
PROD-0714,Grow,Camera,Apple,2261,71,Snyder-Powers,2024-07-27,2024-03-18,2025-12-06
PROD-0715,Top,Laptop,Dell,41498,56,"Palmer, Krause and Payne",2024-06-22,2024-04-02,2025-10-18
PROD-0716,Without,Mobile,Apple,10520,29,Bradley-Daniels,2024-05-01,2024-10-22,2025-10-18
PROD-0717,Consider,Laptop,Canon,35952,12,"Serrano, Griffin and Odom",2024-03-30,2024-12-31,2025-01-22
PROD-0718,Agent,Camera,Samsung,16067,74,"Pittman, Boyd and Ford",2024-04-29,2024-06-18,2025-08-05
PROD-0719,Quite,Mobile,Canon,37822,42,"Simpson, Rogers and Hunter",2024-07-05,2024-01-01,2024-11-24
PROD-0720,Able,Headphones,Dell,30749,98,"Park, Anderson and Lee",2024-10-08,2024-06-09,2025-02-28
PROD-0721,College,Headphones,Samsung,11015,42,Long Ltd,2024-09-18,2024-05-15,2026-04-11
PROD-0722,Specific,Mobile,Dell,36204,78,"Farmer, Barton and Gomez",2024-03-30,2024-08-21,2026-08-03
PROD-0723,Sell,Headphones,Apple,39393,73,Duke Inc,2024-03-15,2024-05-30,2026-09-13
PROD-0724,Last,Mobile,Sony,26572,81,"Mccoy, Rodriguez and Montgomery",2024-01-27,2024-05-07,2025-06-22
PROD-0725,Treat,Mobile,Nikon,12255,56,Crawford Inc,2024-05-23,2024-08-20,2026-08-06
PROD-0726,Expect,Tablet,Bose,48650,60,"Hammond, Berry and Harding",2024-05-26,2024-03-23,2025-08-12
PROD-0727,Land,Accessories,Sony,33087,76,Hahn-Meyer,2024-03-12,2024-02-27,2026-06-10
PROD-0728,Keep,Mobile,Apple,4635,21,Snyder LLC,2024-07-12,2024-05-10,2025-01-18
PROD-0729,Recent,Tablet,Nikon,20513,89,"Carroll, Holt and Henry",2024-01-28,2024-06-24,2025-02-18
PROD-0730,Occur,Mobile,Dell,20140,25,Hart-Jones,2024-08-24,2024-09-25,2026-09-07
PROD-0731,Cost,Mobile,HP,34150,96,Holder-Gomez,2024-10-30,2024-03-05,2026-04-20
PROD-0732,Difficult,Mobile,HP,2710,82,Davis-Daugherty,2024-05-07,2024-06-11,2026-08-10
PROD-0733,Yard,Tablet,Apple,46323,38,"May, Walker and Herrera",2024-04-30,2024-06-06,2024-12-16
PROD-0734,Item,Laptop,Sony,44465,38,Sims-Finley,2024-02-01,2024-02-10,2025-07-13
PROD-0735,Eye,Mobile,Bose,4274,96,"Winters, Crawford and Clay",2024-07-29,2024-08-09,2025-05-11
PROD-0736,Above,Mobile,Apple,13145,96,Smith-Leblanc,2024-02-17,2024-10-17,2026-09-23
PROD-0737,Worry,Tablet,Samsung,6814,53,May and Sons,2024-02-14,2024-04-22,2024-11-15
PROD-0738,Data,Accessories,Nikon,41596,40,Jones PLC,2024-10-16,2024-06-14,2026-10-14
PROD-0739,Ground,Accessories,Bose,24068,10,"Harris, Nelson and Austin",2024-10-28,2024-11-25,2025-08-04
PROD-0740,Others,Laptop,Samsung,13206,7,"Miller, Weaver and Norris",2024-05-31,2024-09-29,2026-10-18
PROD-0741,Old,Mobile,Sony,14289,4,Hull Inc,2024-06-29,2024-10-14,2025-01-13
PROD-0742,Pass,Tablet,Dell,21331,62,"Cabrera, Avila and Hoffman",2024-07-19,2024-06-04,2026-10-23
PROD-0743,Section,Camera,Sony,43760,46,"Bowers, Torres and Thomas",2024-09-07,2024-03-06,2025-07-30
PROD-0744,Word,Tablet,Samsung,21290,29,Little Ltd,2024-05-18,2024-02-23,2024-12-29
PROD-0745,Than,Tablet,Sony,38492,8,Thompson Ltd,2024-10-17,2024-05-29,2024-11-14
PROD-0746,Window,Laptop,HP,16045,47,"Cohen, Hernandez and Sutton",2024-04-24,2024-12-14,2026-10-11
PROD-0747,Although,Mobile,Sony,47677,47,"Parker, Fitzpatrick and Alexander",2024-04-29,2024-04-22,2025-03-08
PROD-0748,Guess,Headphones,Sony,16492,26,Medina-Clark,2024-06-20,2024-11-23,2025-01-19
PROD-0749,Leave,Laptop,Canon,28468,93,Smith-Warren,2024-10-25,2024-04-11,2025-09-20
PROD-0750,Both,Mobile,Samsung,29344,85,Logan-Ortiz,2024-04-26,2024-05-14,2026-06-22
PROD-0751,Fight,Headphones,Sony,44688,65,Kelly-Hunter,2024-10-29,2024-08-25,2024-12-16
PROD-0752,Sell,Tablet,Bose,25207,44,"Garza, Cooper and Gonzalez",2024-04-22,2024-09-08,2025-06-19
PROD-0753,Maybe,Tablet,Nikon,8998,3,Oneal Group,2024-10-04,2024-02-12,2024-12-02
PROD-0754,Represent,Tablet,Dell,22885,94,"Johnson, Mitchell and Richard",2024-09-26,2024-07-26,2026-09-28
PROD-0755,Skin,Tablet,Canon,38344,3,"Miles, Smith and Miller",2024-09-18,2024-04-26,2025-06-01
PROD-0756,Pm,Headphones,Samsung,46457,4,Gill and Sons,2024-04-20,2024-06-06,2026-08-26
PROD-0757,Bar,Laptop,Canon,21968,69,Williams-Savage,2024-04-12,2024-05-07,2025-02-25
PROD-0758,Threat,Camera,Apple,35503,85,Jones-Brown,2024-07-12,2024-10-07,2026-05-27
PROD-0759,Not,Accessories,Sony,21255,18,Delgado LLC,2024-03-10,2024-04-16,2026-10-07
PROD-0760,Cut,Mobile,HP,29050,43,Williamson LLC,2024-03-27,2024-04-11,2026-10-12
PROD-0761,Relate,Headphones,Samsung,24459,73,Mendoza Ltd,2024-07-27,2024-10-17,2025-05-05
PROD-0762,Senior,Accessories,Apple,13312,30,Morris-Green,2024-10-28,2024-01-19,2025-02-16
PROD-0763,Much,Tablet,Dell,28176,66,Smith Group,2024-03-06,2024-09-30,2025-06-12
PROD-0764,Mr,Camera,HP,37172,92,Miller Ltd,2024-10-08,2024-01-30,2026-02-05
PROD-0765,We,Accessories,Canon,35001,64,Hall-Anderson,2024-06-26,2024-01-07,2025-03-10
PROD-0766,On,Mobile,Apple,13035,92,Mcdaniel-Grimes,2024-10-31,2024-02-01,2025-01-12
PROD-0767,Skill,Mobile,Canon,28224,33,Morton and Sons,2024-10-12,2024-07-19,2025-02-09
PROD-0768,Risk,Mobile,Canon,36417,18,"Turner, Duran and Wilkinson",2024-09-25,2024-12-29,2026-07-03
PROD-0769,Song,Mobile,HP,27239,10,Young Inc,2024-10-29,2024-11-06,2025-06-18
PROD-0770,Need,Laptop,Dell,44764,51,Warren-Carson,2024-07-17,2024-01-05,2025-09-28
PROD-0771,Quite,Laptop,HP,42227,77,Waters-Lopez,2024-01-15,2024-01-02,2025-01-08
PROD-0772,Television,Accessories,HP,28793,9,Caldwell-Smith,2024-01-16,2024-11-09,2025-12-23
PROD-0773,Them,Mobile,Sony,11836,33,Bryant Group,2024-05-14,2024-11-25,2026-09-26
PROD-0774,Notice,Mobile,HP,6810,83,"King, Romero and Jones",2024-09-16,2024-10-08,2026-01-18
PROD-0775,City,Accessories,Sony,47662,82,Hall LLC,2024-10-01,2024-04-04,2025-10-22
PROD-0776,Line,Headphones,Sony,33010,92,"Simpson, Jensen and Romero",2024-01-02,2024-10-23,2025-04-13
PROD-0777,Hold,Camera,Canon,43405,16,Bishop Group,2024-10-30,2024-10-19,2025-07-21
PROD-0778,Student,Tablet,Dell,11682,97,"Lopez, Adams and Edwards",2024-09-10,2024-02-02,2026-09-19
PROD-0779,Start,Camera,Samsung,25400,74,"Greene, Morgan and Parker",2024-07-22,2024-03-14,2025-04-19
PROD-0780,Officer,Laptop,Samsung,14456,2,"Zuniga, Morris and Bryan",2024-09-25,2024-02-06,2026-06-30
PROD-0781,Point,Mobile,Samsung,6778,25,Campbell Ltd,2024-01-13,2024-08-27,2025-04-02
PROD-0782,Recently,Tablet,HP,11779,95,Graham Inc,2024-04-17,2024-12-14,2025-12-17
PROD-0783,Politics,Accessories,HP,10639,38,Jackson-Avila,2024-05-06,2024-01-30,2026-07-16
PROD-0784,Level,Headphones,HP,49633,54,Young and Sons,2024-03-13,2024-06-07,2025-01-08
PROD-0785,Owner,Camera,Canon,19389,40,Saunders and Sons,2024-08-28,2024-11-20,2025-12-08
PROD-0786,Doctor,Accessories,HP,38721,4,Lewis Inc,2024-04-16,2024-01-12,2025-03-29
PROD-0787,Outside,Tablet,Apple,40896,67,"Huffman, Weeks and Odonnell",2024-02-23,2024-05-18,2025-10-15
PROD-0788,Natural,Accessories,Canon,38722,84,Ritter-Smith,2024-02-27,2024-01-08,2025-02-03
PROD-0789,North,Laptop,Samsung,3209,26,Casey-Williams,2024-10-20,2024-09-30,2026-02-22
PROD-0790,Bank,Laptop,Canon,42103,8,Cooper-Lewis,2024-05-17,2024-08-18,2025-07-21
PROD-0791,For,Camera,HP,11246,44,Powell Group,2024-09-13,2024-05-16,2025-02-01
PROD-0792,Store,Accessories,Sony,4739,89,Smith-Brown,2024-03-08,2024-07-31,2025-03-08
PROD-0793,Book,Camera,Nikon,7099,6,"Hansen, Jones and French",2024-10-30,2024-12-19,2025-11-30
PROD-0794,North,Laptop,Bose,48947,45,Todd and Sons,2024-01-21,2024-01-16,2025-02-17
PROD-0795,Nature,Laptop,Sony,30353,24,Carroll and Sons,2024-03-25,2024-03-08,2026-05-01
PROD-0796,Option,Laptop,Canon,47773,33,Moore PLC,2024-06-08,2024-01-18,2025-07-30
PROD-0797,Station,Tablet,Sony,14473,12,Allen-Small,2024-07-01,2024-09-13,2026-01-19
PROD-0798,Full,Headphones,Canon,30953,96,Brown-Berg,2024-10-08,2024-06-27,2024-12-07
PROD-0799,Memory,Laptop,Bose,9666,91,Richardson-Rich,2024-06-14,2024-06-17,2026-07-26
PROD-0800,Learn,Camera,HP,41889,77,Tucker Ltd,2024-10-16,2024-04-16,2025-01-05
PROD-0801,Structure,Laptop,Samsung,24172,20,Johnson-Woods,2024-06-14,2024-09-30,2025-10-22
PROD-0802,Fine,Tablet,Nikon,11231,16,"Becker, Chang and Brown",2024-09-11,2024-10-12,2025-05-06
PROD-0803,Image,Headphones,HP,8032,63,"Jacobs, Anderson and Romero",2024-07-11,2024-11-07,2026-01-19
PROD-0804,No,Camera,Canon,3681,96,Sanchez-Jones,2024-07-08,2024-07-21,2025-10-25
PROD-0805,Choice,Headphones,Bose,25337,1,"Ward, Perez and Mcclure",2024-04-06,2024-09-30,2025-08-31
PROD-0806,Describe,Headphones,Samsung,12249,57,"Mcguire, Howard and Warner",2024-07-18,2024-10-01,2025-06-09
PROD-0807,Back,Mobile,HP,32357,86,Orozco and Sons,2024-02-11,2024-10-05,2026-07-16
PROD-0808,Class,Headphones,Bose,42856,12,"Hudson, Perez and Evans",2024-10-24,2024-03-14,2024-12-28
PROD-0809,Save,Laptop,Nikon,36433,37,"Mclean, Walter and Fox",2024-07-31,2024-01-19,2026-04-06
PROD-0810,Record,Camera,Canon,29031,72,Jackson and Sons,2024-03-16,2024-04-04,2025-10-22
PROD-0811,Soon,Mobile,HP,3420,6,Allen and Sons,2024-03-18,2024-03-08,2026-10-11
PROD-0812,Boy,Tablet,Canon,31147,72,Mitchell and Sons,2024-08-16,2024-03-25,2025-04-26
PROD-0813,Small,Headphones,Nikon,36109,87,Pineda-Wilson,2024-04-24,2024-07-01,2026-08-07
PROD-0814,Your,Accessories,HP,38003,8,Alvarado LLC,2024-04-05,2024-09-21,2025-01-17
PROD-0815,Father,Headphones,Apple,25361,95,"Best, Hernandez and Church",2024-09-09,2024-10-23,2026-05-28
PROD-0816,Method,Accessories,Apple,43458,60,"Collier, Powell and Campos",2024-02-08,2024-10-06,2025-10-22
PROD-0817,There,Mobile,Dell,34283,83,Yoder Group,2024-04-18,2024-07-13,2025-09-01
PROD-0818,Exactly,Accessories,Samsung,33521,64,"Hickman, Smith and Gamble",2024-07-05,2024-03-14,2025-03-04
PROD-0819,Owner,Accessories,Canon,31653,32,"Romero, Gardner and Lewis",2024-04-17,2024-11-13,2025-09-01
PROD-0820,Popular,Camera,Samsung,11506,59,Brooks Inc,2024-03-29,2024-03-26,2026-07-07
PROD-0821,Consumer,Accessories,Dell,43394,51,"Clark, Graham and Lopez",2024-06-17,2024-05-18,2026-06-18
PROD-0822,Republican,Accessories,Canon,20403,62,Mendoza-Cervantes,2024-01-04,2024-04-25,2026-10-08
PROD-0823,Clearly,Tablet,Bose,23587,98,Chavez-Russo,2024-08-10,2024-09-29,2025-09-29
PROD-0824,Let,Laptop,Canon,26720,76,Hill Group,2024-04-15,2024-04-16,2025-12-25
PROD-0825,Require,Camera,Canon,8006,84,Harris LLC,2024-07-07,2024-07-20,2025-12-23
PROD-0826,Require,Headphones,Samsung,27156,29,Torres-Howe,2024-07-20,2024-09-16,2024-11-07
PROD-0827,Writer,Tablet,Dell,2349,24,"Williams, Frazier and Singh",2024-05-27,2024-01-03,2026-10-14
PROD-0828,Activity,Laptop,Nikon,39336,80,Garner PLC,2024-09-28,2024-10-22,2026-08-22
PROD-0829,Analysis,Headphones,Canon,1597,36,Sanders LLC,2024-06-27,2024-09-26,2025-02-07
PROD-0830,Threat,Laptop,Bose,4091,39,Alvarez-Reynolds,2024-08-18,2024-07-29,2025-06-25
PROD-0831,Class,Tablet,Sony,43356,47,Robinson LLC,2024-01-27,2024-08-23,2026-10-13
PROD-0832,Particularly,Laptop,Sony,7533,32,"Olson, Rich and Holmes",2024-02-06,2024-06-05,2025-08-10
PROD-0833,American,Tablet,Canon,49639,90,Arroyo-Smith,2024-09-15,2024-01-27,2025-11-05
PROD-0834,State,Tablet,HP,14743,56,"Garcia, Wood and Hernandez",2024-01-24,2024-10-21,2026-02-16
PROD-0835,Majority,Mobile,Sony,24451,15,Sanchez LLC,2024-09-25,2024-06-01,2025-11-15
PROD-0836,Water,Tablet,Apple,23070,33,Medina-Bailey,2024-02-01,2024-12-18,2025-06-13
PROD-0837,Late,Accessories,Canon,15729,46,Richards Inc,2024-02-29,2024-09-06,2025-03-13
PROD-0838,Without,Camera,Apple,7510,78,Barry Ltd,2024-06-22,2024-07-31,2025-12-18
PROD-0839,Book,Tablet,Samsung,19703,29,Navarro Group,2024-09-20,2024-03-20,2026-04-01
PROD-0840,Culture,Headphones,HP,1084,80,Bird-Torres,2024-08-24,2024-07-20,2025-07-27
PROD-0841,Ready,Headphones,Apple,45239,41,Rivera-Bradley,2024-05-23,2024-05-21,2025-05-10
PROD-0842,Water,Laptop,Dell,6001,23,Daniels-Bell,2024-08-29,2024-12-11,2025-12-24
PROD-0843,Other,Accessories,HP,44908,34,"Diaz, Travis and Olson",2024-03-14,2024-05-13,2025-10-08
PROD-0844,Part,Headphones,HP,13062,1,Morrow-Rodgers,2024-02-15,2024-10-21,2026-05-29
PROD-0845,Forward,Laptop,Bose,13056,61,"Smith, Acevedo and Ferguson",2024-09-08,2024-03-31,2025-04-14
PROD-0846,Knowledge,Accessories,Canon,46786,72,Santos and Sons,2024-09-15,2024-10-11,2025-07-29
PROD-0847,Baby,Camera,Dell,23049,33,Wilson-Smith,2024-05-20,2024-03-01,2025-02-14
PROD-0848,Enjoy,Camera,Nikon,34428,55,Potter-Guerra,2024-02-03,2024-02-25,2024-12-28
PROD-0849,Recognize,Headphones,Sony,18569,93,Kennedy-Foley,2024-10-22,2024-12-28,2026-01-30
PROD-0850,Idea,Tablet,Dell,45668,44,"Morgan, Bauer and Mcconnell",2024-09-25,2024-07-12,2026-07-22
PROD-0851,Where,Accessories,Sony,18274,11,Douglas-Stephens,2024-04-27,2024-03-16,2026-09-28
PROD-0852,Eye,Camera,Nikon,26751,82,Alvarez-Robinson,2024-06-22,2024-06-25,2025-04-25
PROD-0853,Skin,Headphones,Samsung,24375,88,Martinez PLC,2024-07-13,2024-02-10,2025-07-01
PROD-0854,Employee,Headphones,Sony,28909,2,"Fletcher, Lutz and Watkins",2024-07-26,2024-03-27,2026-02-08
PROD-0855,That,Camera,Canon,47957,39,Bailey-Rodriguez,2024-03-22,2024-04-08,2025-01-08
PROD-0856,Lay,Laptop,Dell,38361,49,Gill-White,2024-08-22,2024-04-25,2025-01-01
PROD-0857,Dream,Mobile,Nikon,22888,84,Lopez and Sons,2024-02-10,2024-09-14,2026-01-16
PROD-0858,Heavy,Mobile,Sony,33423,32,Watts LLC,2024-10-31,2024-08-16,2025-09-18
PROD-0859,Military,Tablet,Dell,33375,65,Harris-Lucas,2024-06-24,2024-12-16,2025-06-01
PROD-0860,In,Headphones,Samsung,25049,78,Dixon-Green,2024-08-24,2024-11-03,2026-01-17
PROD-0861,First,Camera,Dell,43772,40,Graham-Johnson,2024-08-27,2024-06-29,2026-07-04
PROD-0862,Ahead,Camera,HP,38906,83,Guerrero Inc,2024-10-29,2024-07-25,2024-11-10
PROD-0863,Issue,Headphones,Apple,33458,57,Cox PLC,2024-09-11,2024-08-22,2025-12-26
PROD-0864,Consider,Accessories,Bose,4186,99,Smith and Sons,2024-07-07,2024-09-11,2026-09-11
PROD-0865,Mission,Camera,Nikon,45907,19,"Jarvis, Craig and Thomas",2024-09-27,2024-08-05,2026-03-14
PROD-0866,Statement,Mobile,HP,39733,14,"Nguyen, Bentley and Johnson",2024-10-23,2024-12-02,2025-07-24
PROD-0867,Large,Mobile,Canon,31230,49,Scott LLC,2024-02-14,2024-02-26,2025-01-07
PROD-0868,Outside,Laptop,Sony,22578,11,Morris-Rogers,2024-07-21,2024-03-14,2025-02-09
PROD-0869,Bed,Mobile,Apple,8950,14,"Franco, Ford and Davis",2024-07-30,2024-11-25,2025-09-19
PROD-0870,Forward,Accessories,Apple,1140,70,Murphy-Barrera,2024-02-03,2024-08-23,2025-03-18
PROD-0871,Four,Tablet,Dell,35350,55,James Inc,2024-10-17,2024-05-10,2025-12-25
PROD-0872,Itself,Tablet,Samsung,29322,56,"Martinez, Smith and Scott",2024-08-28,2024-07-01,2025-10-02
PROD-0873,Number,Accessories,Canon,34080,20,"Dixon, Diaz and Joseph",2024-06-21,2024-12-09,2026-05-11
PROD-0874,Wait,Accessories,HP,8184,76,"Hernandez, Campos and Brown",2024-10-30,2024-01-03,2025-08-31
PROD-0875,Edge,Mobile,Canon,16168,28,Best-Mccoy,2024-04-03,2024-01-20,2025-09-15
PROD-0876,Public,Accessories,Samsung,45773,17,Thompson-Russell,2024-04-06,2024-09-08,2024-12-23
PROD-0877,Hard,Mobile,Samsung,46523,4,"Morgan, Newman and Brady",2024-01-20,2024-06-22,2024-11-05
PROD-0878,Including,Camera,Sony,15120,10,"Jones, White and Sheppard",2024-05-04,2024-07-29,2025-12-18
PROD-0879,Recognize,Camera,Canon,2250,34,Jones-Jackson,2024-03-06,2024-08-27,2026-09-09
PROD-0880,Specific,Camera,Dell,46366,5,Mckay-Beasley,2024-05-03,2024-12-09,2026-10-31
PROD-0881,Cause,Camera,Samsung,2804,74,Warren-Vasquez,2024-06-05,2024-05-22,2024-12-23
PROD-0882,Red,Camera,Sony,5952,85,Rivera-Santiago,2024-07-13,2024-08-15,2026-03-21
PROD-0883,Stage,Accessories,Dell,10109,79,"Smith, Gomez and Craig",2024-01-22,2024-09-20,2026-08-30
PROD-0884,Ever,Headphones,Sony,18911,59,Vasquez-Campbell,2024-09-21,2024-05-13,2025-07-21
PROD-0885,Attack,Mobile,Nikon,45192,33,Bush Group,2024-03-04,2024-04-26,2026-06-10
PROD-0886,Ball,Accessories,Sony,948,97,"Warren, Humphrey and Oliver",2024-08-06,2024-07-20,2025-06-28
PROD-0887,Very,Headphones,Canon,35286,18,Norton-Garcia,2024-05-24,2024-12-11,2024-12-30
PROD-0888,Word,Mobile,HP,24078,98,Adams-Watson,2024-08-18,2024-06-26,2025-09-24
PROD-0889,Back,Camera,Samsung,38655,29,Ross-Stewart,2024-01-15,2024-12-20,2026-05-05
PROD-0890,Citizen,Camera,Dell,5884,56,Watkins-Grimes,2024-07-14,2024-04-02,2025-09-01
PROD-0891,Wife,Tablet,Dell,46904,2,Johnson and Sons,2024-06-02,2024-03-10,2026-01-08
PROD-0892,Fund,Accessories,Sony,9717,20,Moran-Hernandez,2024-06-04,2024-11-21,2026-07-04
PROD-0893,Eat,Laptop,Canon,34809,91,Spencer-Hall,2024-01-10,2024-04-22,2026-04-05
PROD-0894,Ever,Camera,Dell,42086,83,"Buchanan, Harvey and Fields",2024-07-31,2024-03-13,2026-09-17
PROD-0895,Today,Laptop,Samsung,43263,9,Oconnell LLC,2024-06-21,2024-01-30,2025-02-13
PROD-0896,Hospital,Accessories,Nikon,3357,99,Bishop LLC,2024-03-10,2024-04-09,2024-12-09
PROD-0897,Word,Headphones,Apple,38256,96,Romero-Park,2024-11-01,2024-10-02,2025-05-07
PROD-0898,Others,Tablet,HP,17234,78,Beck-Dennis,2024-09-16,2024-07-06,2025-11-11
PROD-0899,Police,Camera,HP,8169,94,"West, Robinson and Ortiz",2024-07-13,2024-03-27,2025-10-09
PROD-0900,Cost,Mobile,Bose,31578,96,Kim-Wilkinson,2024-10-05,2024-01-02,2026-08-21
PROD-0901,Member,Accessories,Dell,27967,35,"Neal, Torres and Velazquez",2024-05-28,2024-04-08,2025-11-26
PROD-0902,Turn,Laptop,Dell,37381,18,Sexton and Sons,2024-07-08,2024-04-28,2026-06-16
PROD-0903,But,Mobile,Samsung,22610,24,Terrell-Johnson,2024-07-13,2024-10-16,2025-05-16
PROD-0904,Suggest,Camera,Dell,7149,28,Montgomery-Swanson,2024-01-20,2024-02-20,2025-10-07
PROD-0905,Series,Camera,Dell,4336,24,Williams-Andersen,2024-05-11,2024-07-29,2025-11-22
PROD-0906,Hospital,Laptop,Apple,40377,31,Vazquez Inc,2024-02-19,2024-06-25,2026-04-18
PROD-0907,Eight,Mobile,HP,4162,30,Matthews Inc,2024-01-18,2024-08-24,2025-03-03
PROD-0908,Hit,Camera,Samsung,45281,82,Tucker Group,2024-07-23,2024-06-21,2025-12-29
PROD-0909,Middle,Headphones,Nikon,11807,33,"Carroll, Evans and Romero",2024-08-30,2024-02-02,2025-05-31
PROD-0910,Grow,Tablet,Samsung,46920,72,Bennett-Copeland,2024-09-09,2024-11-27,2025-02-27
PROD-0911,Go,Camera,Samsung,22668,95,Garcia-Cook,2024-08-03,2024-09-12,2025-08-28
PROD-0912,Lawyer,Accessories,HP,14923,22,Hinton-Burch,2024-04-03,2024-01-03,2025-09-25
PROD-0913,Rest,Laptop,Apple,47471,92,Williams-Johnson,2024-03-26,2024-05-21,2025-03-21
PROD-0914,Wait,Accessories,Bose,13950,86,Davis-Alexander,2024-03-25,2024-05-08,2025-08-07
PROD-0915,Those,Mobile,HP,6772,52,"Smith, Barrett and Marquez",2024-02-19,2024-10-24,2024-11-20
PROD-0916,Minute,Tablet,Apple,4474,21,"Chan, Chavez and Fernandez",2024-02-25,2024-02-08,2026-10-15
PROD-0917,Yourself,Camera,Dell,27650,87,"Golden, Jackson and West",2024-05-05,2024-12-24,2025-10-12
PROD-0918,Huge,Laptop,Bose,11481,59,"Cameron, Baker and James",2024-01-02,2024-09-22,2026-03-31
PROD-0919,Few,Tablet,Canon,29025,56,Hicks Inc,2024-08-11,2024-10-26,2025-09-10
PROD-0920,Law,Headphones,Bose,26673,30,Craig Ltd,2024-01-13,2024-10-17,2025-03-29
PROD-0921,Officer,Headphones,Bose,34726,79,"Smith, Leon and Thomas",2024-04-14,2024-05-01,2026-08-29
PROD-0922,Gas,Tablet,Canon,39380,6,"Velazquez, Reynolds and Smith",2024-03-12,2024-06-15,2026-06-05
PROD-0923,Number,Laptop,Bose,41962,73,Rubio-Pitts,2024-04-30,2024-06-21,2025-05-15
PROD-0924,Entire,Accessories,Dell,47559,10,Hansen Group,2024-09-30,2024-01-19,2026-08-09
PROD-0925,Similar,Mobile,Dell,6059,87,Edwards Inc,2024-04-10,2024-04-07,2024-11-23
PROD-0926,Home,Tablet,Dell,15248,54,Stewart Ltd,2024-08-17,2024-04-16,2026-09-03
PROD-0927,Director,Camera,Dell,19859,59,"Peck, Potter and Thomas",2024-05-28,2024-05-29,2026-02-11
PROD-0928,Floor,Accessories,Dell,15105,16,"Ayala, Gomez and Thompson",2024-06-17,2024-09-16,2025-07-12
PROD-0929,Color,Headphones,Canon,16737,11,"Merritt, Johnson and Mendez",2024-09-29,2024-01-24,2025-05-10
PROD-0930,Painting,Laptop,Samsung,13391,22,"Mann, Goodwin and Hunt",2024-07-16,2024-07-13,2026-01-24
PROD-0931,Buy,Accessories,Apple,20012,48,"Scott, Gordon and Ford",2024-06-04,2024-03-08,2026-09-10
PROD-0932,Treat,Tablet,Sony,48984,35,Smith-Porter,2024-07-14,2024-08-28,2025-01-19
PROD-0933,Development,Tablet,Apple,1946,38,Sanchez LLC,2024-09-08,2024-05-27,2025-11-25
PROD-0934,Stuff,Accessories,Bose,19442,11,Johnson-Hill,2024-03-14,2024-06-19,2025-05-08
PROD-0935,Future,Headphones,Canon,42909,43,Thomas-Turner,2024-03-08,2024-07-10,2025-11-24
PROD-0936,Blood,Accessories,Canon,16607,28,Haas LLC,2024-08-07,2024-02-06,2026-07-25
PROD-0937,Person,Tablet,Bose,28640,47,Carlson-Hunter,2024-10-04,2024-05-16,2025-07-28
PROD-0938,White,Headphones,HP,30323,36,"Henry, Lynch and Adams",2024-04-21,2024-11-22,2026-04-16
PROD-0939,Know,Mobile,Canon,10074,58,Beltran-Rodriguez,2024-09-13,2024-07-31,2026-03-09
PROD-0940,Keep,Headphones,Sony,25550,53,Bailey-Moore,2024-03-10,2024-09-24,2025-05-11
PROD-0941,Drive,Tablet,Nikon,32831,41,"Abbott, Smith and Myers",2024-04-13,2024-11-15,2026-09-14
PROD-0942,Grow,Headphones,Apple,3259,16,Lewis-Sims,2024-09-24,2024-12-21,2025-03-08
PROD-0943,According,Mobile,Bose,19746,39,Miller Ltd,2024-08-31,2024-09-06,2025-10-03
PROD-0944,Year,Mobile,Canon,6642,80,"Johnson, Goodwin and Calhoun",2024-01-18,2024-10-29,2025-06-19
PROD-0945,Again,Accessories,Canon,24746,61,Foster-Pennington,2024-05-12,2024-06-17,2026-06-29
PROD-0946,Professional,Tablet,Samsung,11824,34,Warren and Sons,2024-10-18,2024-09-28,2024-11-30
PROD-0947,Medical,Tablet,HP,4365,35,"Taylor, Chavez and Kelly",2024-04-20,2024-10-29,2025-06-06
PROD-0948,Within,Accessories,HP,22070,86,"Gutierrez, Freeman and Hall",2024-10-02,2024-02-02,2025-10-02
PROD-0949,Authority,Headphones,Nikon,41300,96,Serrano-Howard,2024-09-29,2024-10-29,2025-10-12
PROD-0950,Science,Accessories,Bose,45469,93,"Vincent, Watson and Miller",2024-08-15,2024-10-31,2026-09-11
PROD-0951,Fast,Accessories,Sony,38007,46,Sellers LLC,2024-05-21,2024-06-03,2025-06-04
PROD-0952,Manager,Headphones,Sony,24357,43,Rivera-Burns,2024-10-22,2024-09-26,2025-05-02
PROD-0953,Drop,Mobile,Dell,5485,9,Montoya and Sons,2024-07-19,2024-08-04,2025-09-25
PROD-0954,World,Laptop,Dell,26610,27,"Davenport, Wright and Stewart",2024-07-24,2024-01-03,2025-03-29
PROD-0955,Manager,Accessories,Apple,28520,5,Martinez-Zamora,2024-06-01,2024-10-08,2026-03-07
PROD-0956,Two,Tablet,Bose,14242,99,Navarro PLC,2024-01-01,2024-10-21,2026-08-08
PROD-0957,Rest,Camera,Sony,20527,63,"Leonard, Dunn and Williams",2024-10-01,2024-01-01,2026-02-03
PROD-0958,Sit,Laptop,Sony,3993,18,"Delgado, Jackson and Martinez",2024-05-16,2024-02-07,2025-08-29
PROD-0959,Evening,Laptop,Bose,509,53,"Nelson, Rhodes and Bass",2024-04-13,2024-02-04,2025-05-17
PROD-0960,Agreement,Headphones,Samsung,27629,59,Kim-Barnett,2024-08-10,2024-08-26,2025-05-30
PROD-0961,Special,Tablet,HP,9634,35,"Mckay, Gonzalez and Jones",2024-09-16,2024-01-23,2025-03-04
PROD-0962,About,Headphones,Samsung,14544,98,Jackson-Sutton,2024-06-25,2024-09-27,2025-02-05
PROD-0963,Hold,Mobile,Sony,25980,74,King Group,2024-06-18,2024-06-23,2026-03-03
PROD-0964,Pressure,Laptop,Bose,19676,51,Rice-Anderson,2024-06-21,2024-11-27,2025-12-28
PROD-0965,Travel,Camera,Nikon,9425,17,Ford-Garcia,2024-10-02,2024-06-18,2025-01-09
PROD-0966,Though,Mobile,HP,4909,97,Wilson Inc,2024-07-05,2024-04-10,2024-12-20
PROD-0967,Major,Mobile,Canon,21228,78,Sanford-Rivera,2024-01-23,2024-05-14,2026-09-11
PROD-0968,Thought,Laptop,HP,48999,67,Jimenez Ltd,2024-06-21,2024-02-12,2026-07-27
PROD-0969,Seem,Accessories,Apple,1708,27,"Mccormick, Blackburn and Werner",2024-10-06,2024-12-18,2026-05-09
PROD-0970,Administration,Headphones,Sony,34743,89,Allen-Wilson,2024-06-16,2024-08-09,2026-09-23
PROD-0971,Peace,Laptop,Sony,46851,81,"Howard, Rosales and Lang",2024-05-15,2024-08-06,2024-12-04
PROD-0972,Today,Accessories,Dell,12169,7,"Phelps, Warren and Smith",2024-07-01,2024-08-05,2026-01-16
PROD-0973,Sometimes,Mobile,Samsung,46315,63,Reyes Group,2024-02-15,2024-12-27,2025-07-13
PROD-0974,Final,Headphones,Nikon,45214,76,"Morgan, Wilson and Walker",2024-05-28,2024-07-04,2025-07-02
PROD-0975,Reflect,Tablet,HP,7104,39,Johns PLC,2024-01-06,2024-05-17,2024-12-10
PROD-0976,Police,Laptop,HP,47120,93,Miller LLC,2024-02-25,2024-12-11,2025-01-01
PROD-0977,Blue,Camera,Dell,12806,99,"Parker, Reed and Torres",2024-10-10,2024-07-01,2024-11-20
PROD-0978,But,Laptop,Apple,2488,39,"Bullock, King and Johnson",2024-02-12,2024-08-08,2025-09-15
PROD-0979,Produce,Headphones,Canon,19279,61,"Wagner, Hunt and Herring",2024-01-16,2024-08-18,2026-10-14
PROD-0980,Matter,Camera,HP,43080,56,Chen-Schneider,2024-01-24,2024-08-04,2025-12-18
PROD-0981,Hundred,Tablet,Bose,47781,94,"Barnes, Harris and Miller",2024-10-09,2024-08-09,2026-02-27
PROD-0982,Machine,Accessories,HP,10346,98,Schultz-Kirk,2024-09-14,2024-04-04,2025-01-10
PROD-0983,So,Laptop,Sony,15496,48,"Mitchell, Snow and Gamble",2024-06-30,2024-09-03,2025-01-24
PROD-0984,It,Mobile,Canon,28310,40,"Lewis, Cain and Ramirez",2024-04-27,2024-10-22,2026-02-04
PROD-0985,Form,Camera,Sony,39787,69,Williams-Kelly,2024-05-21,2024-06-13,2026-05-09
PROD-0986,Test,Laptop,Canon,33537,41,Sullivan and Sons,2024-07-21,2024-06-29,2025-01-25
PROD-0987,Why,Camera,Nikon,10328,22,Zamora-Floyd,2024-08-19,2024-04-06,2024-12-14
PROD-0988,Where,Headphones,Bose,16622,49,"Schroeder, Rodriguez and Ellis",2024-03-19,2024-07-31,2025-09-26
PROD-0989,Quite,Mobile,Apple,1577,25,Webb Ltd,2024-03-29,2024-06-10,2026-01-03
PROD-0990,Environment,Camera,Apple,16510,4,"Johnson, Mata and Williams",2024-02-14,2024-05-26,2025-12-23
PROD-0991,Off,Accessories,Dell,40887,72,Sullivan-Martin,2024-02-26,2024-04-26,2025-08-04
PROD-0992,Toward,Accessories,HP,44870,79,"Smith, Price and Martinez",2024-09-01,2024-12-10,2026-06-05
PROD-0993,Level,Headphones,HP,34176,89,Riggs and Sons,2024-10-13,2024-09-28,2026-04-26
PROD-0994,Specific,Mobile,Dell,6760,75,"Brown, Sheppard and Russell",2024-07-02,2024-12-27,2026-09-05
PROD-0995,Situation,Laptop,Sony,10137,70,Brown and Sons,2024-06-09,2024-09-22,2025-09-28
PROD-0996,May,Laptop,Samsung,3782,53,Washington and Sons,2024-03-05,2024-01-11,2026-01-21
PROD-0997,Region,Headphones,Samsung,38163,57,Wood-Jackson,2024-08-04,2024-01-01,2025-05-28
PROD-0998,Best,Headphones,Dell,40929,49,Juarez-Davis,2024-04-08,2024-01-14,2026-10-03
PROD-0999,Teach,Laptop,Bose,42784,65,Thomas Group,2024-03-29,2024-05-19,2026-02-19
PROD-1000,Successful,Tablet,Sony,46716,20,Garrison and Sons,2024-02-24,2024-10-28,2025-09-28
